/*
Navicat Premium Dump SQL

Source Server         : local1
Source Server Type    : MySQL
Source Server Version : 50743 (5.7.43-log)
Source Host           : localhost:3306
Source Schema         : food-share

Target Server Type    : MySQL
Target Server Version : 50743 (5.7.43-log)
File Encoding         : 65001

Date: 31/07/2025 13:34:37
*/

SET NAMES utf8mb4;

SET FOREIGN_KEY_CHECKS = 0;

-- ----------------------------
-- Table structure for category
-- ----------------------------
DROP TABLE IF EXISTS `category`;

CREATE TABLE `category` (
    `id` int(11) NOT NULL AUTO_INCREMENT COMMENT '美食类别ID',
    `name` varchar(255) CHARACTER SET utf8mb4 COLLATE utf8mb4_bin NULL DEFAULT NULL COMMENT '类别名',
    PRIMARY KEY (`id`) USING BTREE
) ENGINE = InnoDB AUTO_INCREMENT = 18 CHARACTER SET = utf8mb4 COLLATE = utf8mb4_bin COMMENT = '美食类别表' ROW_FORMAT = DYNAMIC;

-- ----------------------------
-- Records of category
-- ----------------------------
INSERT INTO `category` VALUES (1, '粤菜');

INSERT INTO `category` VALUES (2, '淮扬菜');

INSERT INTO `category` VALUES (3, '川菜');

INSERT INTO `category` VALUES (4, '鲁菜');

INSERT INTO `category` VALUES (5, '刺身');

INSERT INTO `category` VALUES (6, '早茶点心');

INSERT INTO `category` VALUES (7, '烧腊');

INSERT INTO `category` VALUES (8, '徽州古韵');

INSERT INTO `category` VALUES (9, '蒙古草原盛宴');

INSERT INTO `category` VALUES (10, '云南过桥米线');

INSERT INTO `category` VALUES (11, '东北炖菜');

INSERT INTO `category` VALUES (12, '新疆烤串风情');

INSERT INTO `category` VALUES (13, '闽南风味小吃');

INSERT INTO `category` VALUES (14, '湘菜辣味传奇');

INSERT INTO `category` VALUES (15, '海鲜佳肴');

INSERT INTO `category` VALUES (16, '奶茶');

INSERT INTO `category` VALUES (17, '非遗美食');

-- ----------------------------
-- Table structure for content_net
-- ----------------------------
DROP TABLE IF EXISTS `content_net`;

CREATE TABLE `content_net` (
    `id` int(11) NOT NULL AUTO_INCREMENT COMMENT '内容分享主键ID',
    `user_id` int(11) NULL DEFAULT NULL COMMENT '用户ID',
    `gourmet_id` int(11) NULL DEFAULT NULL COMMENT '美食做法ID',
    `access_code` varchar(255) CHARACTER SET utf8mb4 COLLATE utf8mb4_bin NULL DEFAULT NULL COMMENT '访问码',
    `valid_day` int(1) NULL DEFAULT NULL COMMENT '有效天数',
    `access_password` varchar(255) CHARACTER SET utf8mb4 COLLATE utf8mb4_bin NULL DEFAULT NULL COMMENT '访问密码',
    `password_auth` tinyint(1) NULL DEFAULT NULL COMMENT '是否是密码认证',
    `create_time` datetime NULL DEFAULT NULL COMMENT '分享时间',
    PRIMARY KEY (`id`) USING BTREE
) ENGINE = InnoDB AUTO_INCREMENT = 16 CHARACTER SET = utf8mb4 COLLATE = utf8mb4_bin COMMENT = '内容分享信息表' ROW_FORMAT = DYNAMIC;

-- ----------------------------
-- Records of content_net
-- ----------------------------
INSERT INTO
    `content_net`
VALUES (
        6,
        8,
        5,
        '1F574EFC-A2B4-460F-BB09-FFB8886DDF90',
        7,
        'e10adc3949ba59abbe56e057f20f883e',
        1,
        '2024-12-02 21:10:26'
    );

INSERT INTO
    `content_net`
VALUES (
        8,
        3,
        6,
        '857AB6E0-E5EB-41B2-9484-09ABDED0953D',
        3,
        'e10adc3949ba59abbe56e057f20f883e',
        1,
        '2024-12-03 14:21:44'
    );

INSERT INTO
    `content_net`
VALUES (
        9,
        8,
        4,
        '9E5D760E-AC27-43BA-BD48-F31E7B816991',
        3,
        NULL,
        0,
        '2024-11-03 14:30:30'
    );

INSERT INTO
    `content_net`
VALUES (
        10,
        8,
        5,
        'C56E9A75-2DD9-430A-ACD6-683F28C981E4',
        30,
        'e10adc3949ba59abbe56e057f20f883e',
        1,
        '2024-12-03 14:36:28'
    );

INSERT INTO
    `content_net`
VALUES (
        12,
        8,
        5,
        '192F4321-3DE7-4D3E-B343-9346773DB7C5',
        7,
        NULL,
        0,
        '2024-12-03 14:41:35'
    );

INSERT INTO
    `content_net`
VALUES (
        13,
        3,
        15,
        '96982C03-561F-4D17-8780-6662A816EF51',
        30,
        NULL,
        0,
        '2024-12-04 17:46:53'
    );

INSERT INTO
    `content_net`
VALUES (
        14,
        9,
        14,
        '9AF36216-3BCE-40A3-9316-566E04ACBB87',
        -1,
        NULL,
        0,
        '2024-12-04 18:20:43'
    );

INSERT INTO
    `content_net`
VALUES (
        15,
        8,
        11,
        '658291E1-242A-4BAB-B76B-9E08722CCE66',
        30,
        'e10adc3949ba59abbe56e057f20f883e',
        1,
        '2025-04-23 18:50:20'
    );

-- ----------------------------
-- Table structure for cookbook
-- ----------------------------
DROP TABLE IF EXISTS `cookbook`;

CREATE TABLE `cookbook` (
    `id` int(11) NOT NULL AUTO_INCREMENT COMMENT '食谱ID',
    `user_id` int(11) NULL DEFAULT NULL COMMENT '用户ID',
    `cover` varchar(255) CHARACTER SET utf8mb4 COLLATE utf8mb4_bin NULL DEFAULT NULL COMMENT '封面',
    `title` varchar(255) CHARACTER SET utf8mb4 COLLATE utf8mb4_bin NULL DEFAULT NULL COMMENT '标题',
    `category_id` int(11) NULL DEFAULT NULL COMMENT '所属分类ID',
    `content` longtext CHARACTER SET utf8mb4 COLLATE utf8mb4_bin NULL COMMENT '内容',
    `is_publish` tinyint(1) NULL DEFAULT NULL COMMENT '是否是公开食谱',
    `create_time` datetime NULL DEFAULT NULL COMMENT '创建时间',
    PRIMARY KEY (`id`) USING BTREE
) ENGINE = InnoDB AUTO_INCREMENT = 17 CHARACTER SET = utf8mb4 COLLATE = utf8mb4_bin COMMENT = '食谱信息表' ROW_FORMAT = DYNAMIC;

-- ----------------------------
-- Records of cookbook
-- ----------------------------
INSERT INTO
    `cookbook`
VALUES (
        3,
        16,
        'http://localhost:21090//api/food-share-sys/v1.0/file/getFile?fileName=927d113Snipaste_2024-11-27_13-36-35.png',
        '1家庭五花肉',
        3,
        '<h4 style=\"text-align: start;\">1. <strong>选材与处理</strong></h4><p style=\"text-align: start;\">•将五花肉洗净，切成约10厘米见方的大块，冷水下锅，加入几片生姜和适量料酒，大火煮开后撇去浮沫，这一步是为了去除肉中的血水和腥味。</p><p style=\"text-align: start;\">•煮约5分钟后捞出，用冷水冲洗干净，沥干水分，用厨房纸巾吸去多余水分，备用。</p><h4 style=\"text-align: start;\">2. <strong>腌制上色</strong></h4><p style=\"text-align: start;\">•在肉块的每一面均匀涂抹上老抽，这一步是为了让东坡肉上色更加诱人。</p><p style=\"text-align: start;\">•涂抹完毕后，静置10分钟，让颜色充分渗透。</p><h4 style=\"text-align: start;\">3. <strong>准备砂锅</strong></h4><p style=\"text-align: start;\">•砂锅底部铺上几片生姜和大葱段，这样可以防止肉块粘锅，同时增加香味。</p><p style=\"text-align: start;\">•将腌制好的肉块皮朝下放入砂锅中，这样可以使肉皮更加酥烂。</p><h4 style=\"text-align: start;\">4. <strong>调制汤汁</strong></h4><p style=\"text-align: start;\">•在一个小碗中，将适量生抽、老抽（少量，以免颜色过深）、冰糖、八角、桂皮、香叶和足够覆盖肉块的清水混合均匀，制成调味汁。</p><p style=\"text-align: start;\">•将调味汁倒入砂锅中，确保液体能够没过肉块的一半至三分之二处。</p>',
        1,
        '2024-11-29 14:34:09'
    );

INSERT INTO
    `cookbook`
VALUES (
        4,
        16,
        'http://localhost:21090//api/food-share-sys/v1.0/file/getFile?fileName=5fece3dSnipaste_2024-11-28_19-13-47.png',
        '色香味俱全五花肉',
        3,
        '<h4 style=\"text-align: start;\">1. <strong>选材与处理</strong></h4><p style=\"text-align: start;\">•将五花肉洗净，切成约10厘米见方的大块，冷水下锅，加入几片生姜和适量料酒，大火煮开后撇去浮沫，这一步是为了去除肉中的血水和腥味。</p><p style=\"text-align: start;\">•煮约5分钟后捞出，用冷水冲洗干净，沥干水分，用厨房纸巾吸去多余水分，备用。</p><h4 style=\"text-align: start;\">2. <strong>腌制上色</strong></h4><p style=\"text-align: start;\">•在肉块的每一面均匀涂抹上老抽，这一步是为了让东坡肉上色更加诱人。</p><p style=\"text-align: start;\">•涂抹完毕后，静置10分钟，让颜色充分渗透。</p><h4 style=\"text-align: start;\">3. <strong>准备砂锅</strong></h4><p style=\"text-align: start;\">•砂锅底部铺上几片生姜和大葱段，这样可以防止肉块粘锅，同时增加香味。</p><p style=\"text-align: start;\">•将腌制好的肉块皮朝下放入砂锅中，这样可以使肉皮更加酥烂。</p><h4 style=\"text-align: start;\">4. <strong>调制汤汁</strong></h4><p style=\"text-align: start;\">•在一个小碗中，将适量生抽、老抽（少量，以免颜色过深）、冰糖、八角、桂皮、香叶和足够覆盖肉块的清水混合均匀，制成调味汁。</p><p style=\"text-align: start;\">•将调味汁倒入砂锅中，确保液体能够没过肉块的一半至三分之二处。</p><h4 style=\"text-align: start;\">1. <strong>选材与处理</strong></h4><p style=\"text-align: start;\">•将五花肉洗净，切成约10厘米见方的大块，冷水下锅，加入几片生姜和适量料酒，大火煮开后撇去浮沫，这一步是为了去除肉中的血水和腥味。</p><p style=\"text-align: start;\">•煮约5分钟后捞出，用冷水冲洗干净，沥干水分，用厨房纸巾吸去多余水分，备用。</p><h4 style=\"text-align: start;\">2. <strong>腌制上色</strong></h4><p style=\"text-align: start;\">•在肉块的每一面均匀涂抹上老抽，这一步是为了让东坡肉上色更加诱人。</p><p style=\"text-align: start;\">•涂抹完毕后，静置10分钟，让颜色充分渗透。</p><h4 style=\"text-align: start;\">3. <strong>准备砂锅</strong></h4><p style=\"text-align: start;\">•砂锅底部铺上几片生姜和大葱段，这样可以防止肉块粘锅，同时增加香味。</p><p style=\"text-align: start;\">•将腌制好的肉块皮朝下放入砂锅中，这样可以使肉皮更加酥烂。</p><h4 style=\"text-align: start;\">4. <strong>调制汤汁</strong></h4><p style=\"text-align: start;\">•在一个小碗中，将适量生抽、老抽（少量，以免颜色过深）、冰糖、八角、桂皮、香叶和足够覆盖肉块的清水混合均匀，制成调味汁。</p><p style=\"text-align: start;\">•将调味汁倒入砂锅中，确保液体能够没过肉块的一半至三分之二处。</p><h4 style=\"text-align: start;\">1. <strong>选材与处理</strong></h4><p style=\"text-align: start;\">•将五花肉洗净，切成约10厘米见方的大块，冷水下锅，加入几片生姜和适量料酒，大火煮开后撇去浮沫，这一步是为了去除肉中的血水和腥味。</p><p style=\"text-align: start;\">•煮约5分钟后捞出，用冷水冲洗干净，沥干水分，用厨房纸巾吸去多余水分，备用。</p><h4 style=\"text-align: start;\">2. <strong>腌制上色</strong></h4><p style=\"text-align: start;\">•在肉块的每一面均匀涂抹上老抽，这一步是为了让东坡肉上色更加诱人。</p><p style=\"text-align: start;\">•涂抹完毕后，静置10分钟，让颜色充分渗透。</p><h4 style=\"text-align: start;\">3. <strong>准备砂锅</strong></h4><p style=\"text-align: start;\">•砂锅底部铺上几片生姜和大葱段，这样可以防止肉块粘锅，同时增加香味。</p><p style=\"text-align: start;\">•将腌制好的肉块皮朝下放入砂锅中，这样可以使肉皮更加酥烂。</p><h4 style=\"text-align: start;\">4. <strong>调制汤汁</strong></h4><p style=\"text-align: start;\">•在一个小碗中，将适量生抽、老抽（少量，以免颜色过深）、冰糖、八角、桂皮、香叶和足够覆盖肉块的清水混合均匀，制成调味汁。</p><p style=\"text-align: start;\">•将调味汁倒入砂锅中，确保液体能够没过肉块的一半至三分之二处。</p><h4 style=\"text-align: start;\">1. <strong>选材与处理</strong></h4><p style=\"text-align: start;\">•将五花肉洗净，切成约10厘米见方的大块，冷水下锅，加入几片生姜和适量料酒，大火煮开后撇去浮沫，这一步是为了去除肉中的血水和腥味。</p><p style=\"text-align: start;\">•煮约5分钟后捞出，用冷水冲洗干净，沥干水分，用厨房纸巾吸去多余水分，备用。</p><h4 style=\"text-align: start;\">2. <strong>腌制上色</strong></h4><p style=\"text-align: start;\">•在肉块的每一面均匀涂抹上老抽，这一步是为了让东坡肉上色更加诱人。</p><p style=\"text-align: start;\">•涂抹完毕后，静置10分钟，让颜色充分渗透。</p><h4 style=\"text-align: start;\">3. <strong>准备砂锅</strong></h4><p style=\"text-align: start;\">•砂锅底部铺上几片生姜和大葱段，这样可以防止肉块粘锅，同时增加香味。</p><p style=\"text-align: start;\">•将腌制好的肉块皮朝下放入砂锅中，这样可以使肉皮更加酥烂。</p><h4 style=\"text-align: start;\">4. <strong>调制汤汁</strong></h4><p style=\"text-align: start;\">•在一个小碗中，将适量生抽、老抽（少量，以免颜色过深）、冰糖、八角、桂皮、香叶和足够覆盖肉块的清水混合均匀，制成调味汁。</p><p style=\"text-align: start;\">•将调味汁倒入砂锅中，确保液体能够没过肉块的一半至三分之二处。</p>',
        1,
        '2024-11-29 14:34:44'
    );

INSERT INTO
    `cookbook`
VALUES (
        5,
        16,
        'http://localhost:21090//api/food-share-sys/v1.0/file/getFile?fileName=e7bce01Snipaste_2024-11-27_13-36-35.png',
        '美食五花肉',
        2,
        '<h4 style=\"text-align: start;\">1. <strong>选材与处理</strong></h4><p style=\"text-align: start;\">•将五花肉洗净，切成约10厘米见方的大块，冷水下锅，加入几片生姜和适量料酒，大火煮开后撇去浮沫，这一步是为了去除肉中的血水和腥味。</p><p style=\"text-align: start;\">•煮约5分钟后捞出，用冷水冲洗干净，沥干水分，用厨房纸巾吸去多余水分，备用。</p><h4 style=\"text-align: start;\">2. <strong>腌制上色</strong></h4><p style=\"text-align: start;\">•在肉块的每一面均匀涂抹上老抽，这一步是为了让东坡肉上色更加诱人。</p><p style=\"text-align: start;\">•涂抹完毕后，静置10分钟，让颜色充分渗透。</p><h4 style=\"text-align: start;\">3. <strong>准备砂锅</strong></h4><p style=\"text-align: start;\">•砂锅底部铺上几片生姜和大葱段，这样可以防止肉块粘锅，同时增加香味。</p><p style=\"text-align: start;\">•将腌制好的肉块皮朝下放入砂锅中，这样可以使肉皮更加酥烂。</p><h4 style=\"text-align: start;\">4. <strong>调制汤汁</strong></h4><p style=\"text-align: start;\">•在一个小碗中，将适量生抽、老抽（少量，以免颜色过深）、冰糖、八角、桂皮、香叶和足够覆盖肉块的清水混合均匀，制成调味汁。</p><p style=\"text-align: start;\">•将调味汁倒入砂锅中，确保液体能够没过肉块的一半至三分之二处。</p>',
        1,
        '2024-11-29 15:06:43'
    );

INSERT INTO
    `cookbook`
VALUES (
        6,
        8,
        'http://localhost:21090//api/food-share-sys/v1.0/file/getFile?fileName=2453bd1Snipaste_2024-11-30_18-04-28.png',
        '酸醋黑木耳',
        3,
        '<p style=\"text-align: start;\">酸醋黑木耳是一道简单又美味的家常菜，具有补血、活血等功效。</p><p style=\"text-align: start;\">下面是制作这道菜的详细步骤：</p><h3 style=\"text-align: start;\">材料准备：</h3><ul><li style=\"text-align: start;\">干黑木耳：50克（根据人数适量调整）</li><li style=\"text-align: start;\">红尖椒：1个（喜欢辣的可以多加几个）</li><li style=\"text-align: start;\">洋葱：半个（可选，依据个人口味）</li><li style=\"text-align: start;\">香菜：适量</li><li style=\"text-align: start;\">大蒜：3-4瓣</li><li style=\"text-align: start;\">花生米：适量（可选，增加口感）</li><li style=\"text-align: start;\">小米辣：若干（依据个人辣度喜好）</li></ul><h3 style=\"text-align: start;\">调味料：</h3><ul><li style=\"text-align: start;\">盐：适量</li><li style=\"text-align: start;\">白糖：适量</li><li style=\"text-align: start;\">面粉：适量（用于清洗木耳）</li><li style=\"text-align: start;\">温水：适量（用于清洗木耳）</li><li style=\"text-align: start;\">生抽：适量</li><li style=\"text-align: start;\">醋：适量（建议使用陈醋或米醋）</li><li style=\"text-align: start;\">香油：少许</li><li style=\"text-align: start;\">万能调料油：少许（如果家里没有，可以用辣椒油或者其他喜欢的调味油代替）</li></ul><h3 style=\"text-align: start;\">步骤：</h3><ol><li style=\"text-align: start;\">泡发黑木耳：将干黑木耳放入碗中，加入一勺盐、一勺白糖和一勺面粉，倒入适量温水浸泡约2小时至完全泡发。期间轻轻揉搓几次，以便更好地去除杂质。泡发后用清水冲洗干净。</li><li style=\"text-align: start;\">焯水处理：在锅中烧开水，把泡发好的黑木耳放入开水中焯烫约30秒到1分钟，然后捞出过凉水，沥干水分备用。</li><li style=\"text-align: start;\">准备配料：红尖椒洗净切碎；洋葱切成细丝；香菜切段；大蒜剁成蒜泥；花生米炒香备用（如果是生花生米需先炒熟）。</li><li style=\"text-align: start;\">调制酱汁：在一个小碗里，混合适量的盐、白糖、生抽、醋和香油，搅拌均匀成为调味汁。可以根据个人口味调整各种调料的比例。</li><li style=\"text-align: start;\">混合食材：将焯好水的黑木耳放入一个大碗中，加入切好的红尖椒、洋葱丝、香菜段、蒜泥以及炒香的花生米。</li><li style=\"text-align: start;\">拌匀上桌：最后把调好的酱汁倒入装有所有食材的大碗里，充分拌匀即可上桌享用。</li><li style=\"text-align: start;\">额外提示：如果你想要更丰富的味道，还可以加入一些小米辣来提升风味；也可以根据个人喜好添加其他蔬菜如黄瓜丝等。</li></ol>',
        0,
        '2024-11-30 15:20:36'
    );

INSERT INTO
    `cookbook`
VALUES (
        7,
        8,
        'http://localhost:21090//api/food-share-sys/v1.0/file/getFile?fileName=366ce52Snipaste_2024-11-30_18-04-02.png',
        '干锅猪蹄',
        1,
        '<ul><li style=\"text-align: start;\">猪蹄：1000克（选择新鲜、肉质紧实的猪蹄）</li><li style=\"text-align: start;\">干辣椒：适量</li><li style=\"text-align: start;\">姜片：若干</li><li style=\"text-align: start;\">蒜瓣：若干</li><li style=\"text-align: start;\">大葱：1根</li><li style=\"text-align: start;\">八角：2颗</li><li style=\"text-align: start;\">香叶：3片</li><li style=\"text-align: start;\">桂皮：一小段</li><li style=\"text-align: start;\">冰糖：适量</li><li style=\"text-align: start;\">料酒：适量</li><li style=\"text-align: start;\">生抽：适量</li><li style=\"text-align: start;\">老抽：少许（用于上色）</li><li style=\"text-align: start;\">盐：适量</li><li style=\"text-align: start;\">鸡精/味精：适量（可选）</li><li style=\"text-align: start;\">食用油：适量</li><li style=\"text-align: start;\">青椒：1个（根据个人口味调整）</li><li style=\"text-align: start;\">红椒：1个（根据个人口味调整）</li><li style=\"text-align: start;\">香菜：适量（装饰用）</li></ul><h3 style=\"text-align: start;\">辅助材料（可选）：</h3><ul><li style=\"text-align: start;\">花生米：适量（增加口感）</li><li style=\"text-align: start;\">白芝麻：少许（撒在成品上增添香气）</li></ul><h3 style=\"text-align: start;\">步骤：</h3><h4 style=\"text-align: start;\">1. 猪蹄预处理：</h4><ul><li style=\"text-align: start;\">将猪蹄洗净，剁成适当大小的小块。</li><li style=\"text-align: start;\">把猪蹄冷水下锅，加入几片姜和适量料酒，焯水去腥，捞出后用温水冲洗干净。</li></ul><h4 style=\"text-align: start;\">2. 炖煮猪蹄：</h4><ul><li style=\"text-align: start;\">锅中加水，放入焯过水的猪蹄、姜片、八角、香叶、桂皮等香料，再加入适量料酒和少量老抽调色调味。</li><li style=\"text-align: start;\">大火煮开后转小火慢炖约1.5小时至猪蹄软烂（也可以使用高压锅来节省时间）。炖好后捞出备用。</li></ul><h4 style=\"text-align: start;\">3. 准备配菜：</h4><ul><li style=\"text-align: start;\">干辣椒剪段，大葱切段，蒜瓣拍碎，青红椒切成滚刀块备用。</li></ul><h4 style=\"text-align: start;\">4. 制作干锅底料：</h4><ul><li style=\"text-align: start;\">锅内放油，油热后加入冰糖炒出糖色（注意火候不要太大以免焦糊）。</li><li style=\"text-align: start;\">加入干辣椒段、姜片、蒜瓣爆香。</li><li style=\"text-align: start;\">放入炖好的猪蹄翻炒均匀，让每一块猪蹄都裹上糖色。</li></ul><h4 style=\"text-align: start;\">5. 合并与调味：</h4><ul><li style=\"text-align: start;\">接着把青红椒块倒入锅中一起翻炒，加入适量生抽调味，如果喜欢更重的味道可以适量添加一些盐和鸡精/味精。</li><li style=\"text-align: start;\">继续翻炒至所有食材充分混合，青红椒断生即可。</li></ul><h4 style=\"text-align: start;\">6. 完成与装盘：</h4><ul><li style=\"text-align: start;\">最后将炒好的猪蹄连同配菜一起转移到干锅中，撒上白芝麻和香菜作为点缀。</li><li style=\"text-align: start;\">如果有需要，可以在干锅下面放置一个酒精炉或电陶炉保持热度，使菜品更加美味。</li></ul>',
        0,
        '2024-11-30 15:22:03'
    );

INSERT INTO
    `cookbook`
VALUES (
        10,
        16,
        'http://localhost:21090//api/food-share-sys/v1.0/file/getFile?fileName=7c976e3Snipaste_2024-11-27_13-37-15.png',
        '酸辣凤爪',
        3,
        '<p style=\"text-align: start;\">酸辣凤爪是一道非常受欢迎的开胃菜，尤其在南方地区，它以其独特的酸辣口味和爽脆的口感而闻名。以下是制作酸辣凤爪的详细步骤：</p><h3 style=\"text-align: start;\">材料准备：</h3><ul><li style=\"text-align: start;\">鸡爪：500克</li><li style=\"text-align: start;\">生姜：几片</li><li style=\"text-align: start;\">大葱：1根（切段）</li><li style=\"text-align: start;\">料酒：适量</li><li style=\"text-align: start;\">冰水：用于浸泡鸡爪</li><li style=\"text-align: start;\">冰糖：适量</li><li style=\"text-align: start;\">干辣椒：若干（根据个人口味调整）</li><li style=\"text-align: start;\">花椒：少许</li><li style=\"text-align: start;\">八角：2颗</li><li style=\"text-align: start;\">香叶：2片</li><li style=\"text-align: start;\">盐：适量</li><li style=\"text-align: start;\">白醋或米醋：适量</li><li style=\"text-align: start;\">生抽：适量</li><li style=\"text-align: start;\">香油：少许</li><li style=\"text-align: start;\">白芝麻：少许（装饰用）</li><li style=\"text-align: start;\">香菜：适量（装饰用）</li></ul><h3 style=\"text-align: start;\">辅助材料（可选）：</h3><ul><li style=\"text-align: start;\">黄瓜丝：适量（增加清爽感）</li><li style=\"text-align: start;\">红椒丝：适量（增加色彩）</li></ul><h3 style=\"text-align: start;\">步骤：</h3><h4 style=\"text-align: start;\">1. 凤爪预处理：</h4><ul><li style=\"text-align: start;\">将鸡爪洗净，剪去指甲部分。</li><li style=\"text-align: start;\">把鸡爪冷水下锅，加入生姜片、大葱段和适量料酒，焯水去腥，煮至水开后捞出，立即放入冰水中浸泡至少半小时，这一步可以让鸡爪更加脆嫩。</li></ul><h4 style=\"text-align: start;\">2. 炖煮凤爪：</h4><ul><li style=\"text-align: start;\">另起一锅热水，放入泡好的鸡爪，加入适量的盐、八角、香叶、花椒等香料以及一些冰糖调味上色。</li><li style=\"text-align: start;\">中小火慢炖约30分钟至40分钟，直到鸡爪变软但不烂，可以用筷子轻轻插入鸡爪检查熟度。</li></ul><h4 style=\"text-align: start;\">3. 制作酸辣汁：</h4><ul><li style=\"text-align: start;\">在一个碗里，混合适量的白醋或米醋、生抽、少许盐和糖，搅拌均匀成为酸辣汁。你可以根据个人口味调整比例，确保味道合适。</li></ul><h4 style=\"text-align: start;\">4. 浸泡凤爪：</h4><ul><li style=\"text-align: start;\">将炖煮好的凤爪捞出，趁热倒入调好的酸辣汁中，让其充分吸收酸辣味。可以放置冰箱冷藏几个小时甚至过夜，这样味道会更入味。</li></ul><h4 style=\"text-align: start;\">5. 混合与装盘：</h4><ul><li style=\"text-align: start;\">在食用前，从冰箱取出凤爪，加入切好的干辣椒段、蒜末等，拌匀。</li><li style=\"text-align: start;\">如果喜欢的话，还可以加入一些黄瓜丝和红椒丝来增加色彩和口感。</li><li style=\"text-align: start;\">最后撒上白芝麻和香菜作为装饰。</li></ul><h4 style=\"text-align: start;\">6. 完成：</h4><ul><li style=\"text-align: start;\">将拌好的酸辣凤爪盛入盘中即可享用。</li></ul>',
        1,
        '2024-11-30 17:49:55'
    );

INSERT INTO
    `cookbook`
VALUES (
        11,
        16,
        'http://localhost:21090//api/food-share-sys/v1.0/file/getFile?fileName=87a8585Snipaste_2024-11-28_19-13-47.png',
        '干锅猪蹄',
        2,
        '<h3 style=\"text-align: start;\">材料准备：</h3><ul><li style=\"text-align: start;\">猪蹄：1000克（选择新鲜、肉质紧实的猪蹄）</li><li style=\"text-align: start;\">干辣椒：适量</li><li style=\"text-align: start;\">姜片：若干</li><li style=\"text-align: start;\">蒜瓣：若干</li><li style=\"text-align: start;\">大葱：1根</li><li style=\"text-align: start;\">八角：2颗</li><li style=\"text-align: start;\">香叶：3片</li><li style=\"text-align: start;\">桂皮：一小段</li><li style=\"text-align: start;\">冰糖：适量</li><li style=\"text-align: start;\">料酒：适量</li><li style=\"text-align: start;\">生抽：适量</li><li style=\"text-align: start;\">老抽：少许（用于上色）</li><li style=\"text-align: start;\">盐：适量</li><li style=\"text-align: start;\">鸡精/味精：适量（可选）</li><li style=\"text-align: start;\">食用油：适量</li><li style=\"text-align: start;\">青椒：1个（根据个人口味调整）</li><li style=\"text-align: start;\">红椒：1个（根据个人口味调整）</li><li style=\"text-align: start;\">香菜：适量（装饰用）</li></ul><h3 style=\"text-align: start;\">辅助材料（可选）：</h3><ul><li style=\"text-align: start;\">花生米：适量（增加口感）</li><li style=\"text-align: start;\">白芝麻：少许（撒在成品上增添香气）</li></ul><h3 style=\"text-align: start;\">步骤：</h3><h4 style=\"text-align: start;\">1. 猪蹄预处理：</h4><ul><li style=\"text-align: start;\">将猪蹄洗净，剁成适当大小的小块。</li><li style=\"text-align: start;\">把猪蹄冷水下锅，加入几片姜和适量料酒，焯水去腥，捞出后用温水冲洗干净。</li></ul><h4 style=\"text-align: start;\">2. 炖煮猪蹄：</h4><ul><li style=\"text-align: start;\">锅中加水，放入焯过水的猪蹄、姜片、八角、香叶、桂皮等香料，再加入适量料酒和少量老抽调色调味。</li><li style=\"text-align: start;\">大火煮开后转小火慢炖约1.5小时至猪蹄软烂（也可以使用高压锅来节省时间）。炖好后捞出备用。</li></ul><h4 style=\"text-align: start;\">3. 准备配菜：</h4><ul><li style=\"text-align: start;\">干辣椒剪段，大葱切段，蒜瓣拍碎，青红椒切成滚刀块备用。</li></ul><h4 style=\"text-align: start;\">4. 制作干锅底料：</h4><ul><li style=\"text-align: start;\">锅内放油，油热后加入冰糖炒出糖色（注意火候不要太大以免焦糊）。</li><li style=\"text-align: start;\">加入干辣椒段、姜片、蒜瓣爆香。</li><li style=\"text-align: start;\">放入炖好的猪蹄翻炒均匀，让每一块猪蹄都裹上糖色。</li></ul><h4 style=\"text-align: start;\">5. 合并与调味：</h4><ul><li style=\"text-align: start;\">接着把青红椒块倒入锅中一起翻炒，加入适量生抽调味，如果喜欢更重的味道可以适量添加一些盐和鸡精/味精。</li><li style=\"text-align: start;\">继续翻炒至所有食材充分混合，青红椒断生即可。</li></ul><h4 style=\"text-align: start;\">6. 完成与装盘：</h4><ul><li style=\"text-align: start;\">最后将炒好的猪蹄连同配菜一起转移到干锅中，撒上白芝麻和香菜作为点缀。</li><li style=\"text-align: start;\">如果有需要，可以在干锅下面放置一个酒精炉或电陶炉保持热度，使菜品更加美味。</li></ul>',
        1,
        '2024-11-30 17:50:26'
    );

INSERT INTO
    `cookbook`
VALUES (
        12,
        16,
        'http://localhost:21090//api/food-share-sys/v1.0/file/getFile?fileName=5668057Snipaste_2024-11-27_13-37-15.png',
        '红烧1',
        3,
        '<p>111</p>',
        1,
        '2024-11-30 18:07:53'
    );

INSERT INTO
    `cookbook`
VALUES (
        13,
        16,
        'http://localhost:21090//api/food-share-sys/v1.0/file/getFile?fileName=aabccc3Snipaste_2024-11-28_19-13-47.png',
        '猪蹄',
        1,
        '<p>数据</p>',
        1,
        '2024-11-30 18:08:09'
    );

INSERT INTO
    `cookbook`
VALUES (
        14,
        16,
        'http://localhost:21090//api/food-share-sys/v1.0/file/getFile?fileName=7e30a08Snipaste_2024-11-28_19-13-47.png',
        '焦皮猪蹄',
        17,
        '<p>到底是谁发明的这个喝法！谢谢啊～ 真的又简单又好喝！以后谁还去奶茶店啊！ 红茶➕白糖炒一炒，炒到焦黄冒泡泡，加一点水煮开，最后倒牛奶就完成啦！（全程小火，糖炒的焦黄冒泡就赶紧加水！不要炒过头，我就炒糊一次🥲） 家里有小朋友的做给小朋友喝也很干净卫生～ 家里有珍珠的可以加珍珠，有啥小料就放啥！ 真的超级无敌好喝！赶快试试！！到底是谁发明的这个喝法！谢谢啊～ 真的又简单又好喝！以后谁还去奶茶店啊！ 红茶➕白糖炒一炒，炒到焦黄冒泡泡，加一点水煮开，最后倒牛奶就完成啦！（全程小火，糖炒的焦黄冒泡就赶紧加水！不要炒过头，我就炒糊一次🥲） 家里有小朋友的做给小朋友喝也很干净卫生～ 家里有珍珠的可以加珍珠，有啥小料就放啥！ 真的超级无敌好喝！赶快试试！！到底是谁发明的这个喝法！谢谢啊～ 真的又简单又好喝！以后谁还去奶茶店啊！ 红茶➕白糖炒一炒，炒到焦黄冒泡泡，加一点水煮开，最后倒牛奶就完成啦！（全程小火，糖炒的焦黄冒泡就赶紧加水！不要炒过头，我就炒糊一次🥲） 家里有小朋友的做给小朋友喝也很干净卫生～ 家里有珍珠的可以加珍珠，有啥小料就放啥！ 真的超级无敌好喝！赶快试试！！</p>',
        1,
        '2024-12-04 17:59:51'
    );

INSERT INTO
    `cookbook`
VALUES (
        15,
        16,
        'http://localhost:21090//api/food-share-sys/v1.0/file/getFile?fileName=76493bcSnipaste_2024-12-04_17-38-12.png',
        '鱼生刺身',
        15,
        '<p>到底是谁发明的这个喝法！谢谢啊～ 真的又简单又好喝！以后谁还去奶茶店啊！ 红茶➕白糖炒一炒，炒到焦黄冒泡泡，加一点水煮开，最后倒牛奶就完成啦！（全程小火，糖炒的焦黄冒泡就赶紧加水！不要炒过头，我就炒糊一次🥲） 家里有小朋友的做给小朋友喝也很干净卫生～ 家里有珍珠的可以加珍珠，有啥小料就放啥！ 真的超级无敌好喝！赶快试试！！到底是谁发明的这个喝法！谢谢啊～ 真的又简单又好喝！以后谁还去奶茶店啊！ 红茶➕白糖炒一炒，炒到焦黄冒泡泡，加一点水煮开，最后倒牛奶就完成啦！（全程小火，糖炒的焦黄冒泡就赶紧加水！不要炒过头，我就炒糊一次🥲） 家里有小朋友的做给小朋友喝也很干净卫生～ 家里有珍珠的可以加珍珠，有啥小料就放啥！ 真的超级无敌好喝！赶快试试！！到底是谁发明的这个喝法！谢谢啊～ 真的又简单又好喝！以后谁还去奶茶店啊！ 红茶➕白糖炒一炒，炒到焦黄冒泡泡，加一点水煮开，最后倒牛奶就完成啦！（全程小火，糖炒的焦黄冒泡就赶紧加水！不要炒过头，我就炒糊一次🥲） 家里有小朋友的做给小朋友喝也很干净卫生～ 家里有珍珠的可以加珍珠，有啥小料就放啥！ 真的超级无敌好喝！赶快试试！！</p>',
        1,
        '2024-12-04 18:00:30'
    );

INSERT INTO
    `cookbook`
VALUES (
        16,
        9,
        'http://localhost:21090//api/food-share-sys/v1.0/file/getFile?fileName=7dd4029Snipaste_2024-12-04_17-36-38.png',
        '我的休闲奶茶--抹茶',
        16,
        '<p>我的休闲奶茶--抹茶</p>',
        0,
        '2024-12-04 18:18:47'
    );

-- ----------------------------
-- Table structure for cookbook_nutriment
-- ----------------------------
DROP TABLE IF EXISTS `cookbook_nutriment`;

CREATE TABLE `cookbook_nutriment` (
    `id` int(11) NOT NULL AUTO_INCREMENT COMMENT '食谱营养素关联信息主键ID',
    `cookbook_id` int(11) NULL DEFAULT NULL COMMENT '食谱ID',
    `nutriment_id` int(11) NULL DEFAULT NULL COMMENT '营养素ID',
    `100g_value` varchar(255) CHARACTER SET utf8mb4 COLLATE utf8mb4_bin NULL DEFAULT NULL COMMENT '每100g食物中含量',
    PRIMARY KEY (`id`) USING BTREE
) ENGINE = InnoDB AUTO_INCREMENT = 12 CHARACTER SET = utf8mb4 COLLATE = utf8mb4_bin COMMENT = '食谱营养素关联信息表' ROW_FORMAT = DYNAMIC;

-- ----------------------------
-- Records of cookbook_nutriment
-- ----------------------------
INSERT INTO `cookbook_nutriment` VALUES (1, 5, 5, '6');

INSERT INTO `cookbook_nutriment` VALUES (7, 6, 7, '65');

INSERT INTO `cookbook_nutriment` VALUES (8, 12, 9, '32');

INSERT INTO `cookbook_nutriment` VALUES (9, 12, 8, '12');

INSERT INTO `cookbook_nutriment` VALUES (10, 12, 6, '1.8');

INSERT INTO `cookbook_nutriment` VALUES (11, 16, 1, '5');

-- ----------------------------
-- Table structure for diet_history
-- ----------------------------
DROP TABLE IF EXISTS `diet_history`;

CREATE TABLE `diet_history` (
    `id` int(11) NOT NULL AUTO_INCREMENT COMMENT '用户饮食主键ID',
    `user_id` int(11) NULL DEFAULT NULL COMMENT '用户ID',
    `cookbook_id` int(11) NULL DEFAULT NULL COMMENT '食谱ID',
    `detail` varchar(255) CHARACTER SET utf8mb4 COLLATE utf8mb4_bin NULL DEFAULT NULL COMMENT '备注',
    `value` varchar(255) CHARACTER SET utf8mb4 COLLATE utf8mb4_bin NULL DEFAULT NULL COMMENT '记录的值',
    `create_time` datetime NULL DEFAULT NULL COMMENT '记录时间',
    PRIMARY KEY (`id`) USING BTREE
) ENGINE = InnoDB AUTO_INCREMENT = 9 CHARACTER SET = utf8mb4 COLLATE = utf8mb4_bin COMMENT = '用户饮食信息表' ROW_FORMAT = DYNAMIC;

-- ----------------------------
-- Records of diet_history
-- ----------------------------
INSERT INTO
    `diet_history`
VALUES (
        3,
        8,
        7,
        '432432',
        '21',
        '2024-12-03 21:58:02'
    );

INSERT INTO
    `diet_history`
VALUES (
        5,
        9,
        15,
        '晚餐',
        '30',
        '2024-12-04 18:23:21'
    );

INSERT INTO
    `diet_history`
VALUES (
        6,
        9,
        12,
        '晚餐',
        '100',
        '2024-12-04 18:23:21'
    );

INSERT INTO
    `diet_history`
VALUES (
        8,
        8,
        7,
        '晚餐',
        '130',
        '2024-12-04 18:52:45'
    );

-- ----------------------------
-- Table structure for evaluations
-- ----------------------------
DROP TABLE IF EXISTS `evaluations`;

CREATE TABLE `evaluations` (
    `id` int(11) UNSIGNED NOT NULL AUTO_INCREMENT COMMENT '主键',
    `parent_id` int(11) NULL DEFAULT NULL COMMENT '父级评论ID',
    `commenter_id` int(11) NULL DEFAULT NULL COMMENT '评论者ID',
    `replier_id` int(11) NULL DEFAULT NULL COMMENT '回复者ID',
    `content_type` varchar(100) CHARACTER SET utf8mb4 COLLATE utf8mb4_bin NULL DEFAULT NULL COMMENT '内容类型',
    `content_id` int(11) NULL DEFAULT NULL COMMENT '内容ID',
    `content` varchar(255) CHARACTER SET utf8mb4 COLLATE utf8mb4_bin NULL DEFAULT NULL COMMENT '评论内容',
    `create_time` datetime NULL DEFAULT NULL COMMENT '评论时间',
    PRIMARY KEY (`id`) USING BTREE
) ENGINE = InnoDB AUTO_INCREMENT = 8 CHARACTER SET = utf8mb4 COLLATE = utf8mb4_bin ROW_FORMAT = DYNAMIC;

-- ----------------------------
-- Records of evaluations
-- ----------------------------
INSERT INTO
    `evaluations`
VALUES (
        5,
        NULL,
        9,
        NULL,
        'GOURMET',
        14,
        '真的又简单又好喝！以后谁还去奶茶店啊',
        '2025-06-24 15:48:48'
    );

INSERT INTO
    `evaluations`
VALUES (
        6,
        NULL,
        9,
        NULL,
        'GOURMET',
        14,
        '有小朋友的做给小',
        '2025-06-24 15:48:54'
    );

INSERT INTO
    `evaluations`
VALUES (
        7,
        6,
        14,
        NULL,
        'GOURMET',
        14,
        '的超级无敌好喝！赶快试试！',
        '2025-06-24 15:49:52'
    );

-- ----------------------------
-- Table structure for evaluations_upvote
-- ----------------------------
DROP TABLE IF EXISTS `evaluations_upvote`;

CREATE TABLE `evaluations_upvote` (
    `id` int(11) NOT NULL AUTO_INCREMENT COMMENT '评论点赞表ID',
    `user_id` int(11) NULL DEFAULT NULL COMMENT '用户ID',
    `evaluations_id` int(11) NULL DEFAULT NULL COMMENT '点赞ID',
    PRIMARY KEY (`id`) USING BTREE
) ENGINE = InnoDB AUTO_INCREMENT = 59 CHARACTER SET = utf8mb4 COLLATE = utf8mb4_bin ROW_FORMAT = Dynamic;

-- ----------------------------
-- Records of evaluations_upvote
-- ----------------------------
INSERT INTO `evaluations_upvote` VALUES (56, 9, 6);

INSERT INTO `evaluations_upvote` VALUES (57, 13, 6);

INSERT INTO `evaluations_upvote` VALUES (58, 14, 6);

-- ----------------------------
-- Table structure for gourmet
-- ----------------------------
DROP TABLE IF EXISTS `gourmet`;

CREATE TABLE `gourmet` (
    `id` int(11) NOT NULL AUTO_INCREMENT COMMENT '美食表主键ID',
    `user_id` int(11) NULL DEFAULT NULL COMMENT '用户ID',
    `category_id` int(11) NULL DEFAULT NULL COMMENT '分类ID',
    `title` varchar(255) CHARACTER SET utf8mb4 COLLATE utf8mb4_bin NULL DEFAULT NULL COMMENT '标题',
    `content` longtext CHARACTER SET utf8mb4 COLLATE utf8mb4_bin NULL COMMENT '内容',
    `cover` varchar(255) CHARACTER SET utf8mb4 COLLATE utf8mb4_bin NULL DEFAULT NULL COMMENT '封面',
    `is_audit` tinyint(1) NULL DEFAULT NULL COMMENT '是否已经审核',
    `is_publish` tinyint(1) NULL DEFAULT NULL COMMENT '是否公开',
    `create_time` datetime NULL DEFAULT NULL COMMENT '发布时间',
    PRIMARY KEY (`id`) USING BTREE
) ENGINE = InnoDB AUTO_INCREMENT = 16 CHARACTER SET = utf8mb4 COLLATE = utf8mb4_bin COMMENT = '美食做法表' ROW_FORMAT = DYNAMIC;

-- ----------------------------
-- Records of gourmet
-- ----------------------------
INSERT INTO
    `gourmet`
VALUES (
        4,
        8,
        2,
        '【东坡肉全攻略】——百吃不腻',
        '<p style=\"text-align: start;\">在中国浩瀚的美食文化中，东坡肉无疑是一颗璀璨的明珠，它不仅承载着宋代大文豪苏东坡的传奇故事，更以其色泽红亮、肥而不腻、酥烂入味的特点，成为了无数食客心中的经典美味。今天，就让我们一起动手，还原这道跨越千年的传统佳肴，感受那份来自历史深处的醇厚与温情。</p><h3 style=\"text-align: start;\">材料准备：</h3><ul><li style=\"text-align: start;\"><strong>主料</strong>：五花肉1块（约1000克），最好选择肥瘦相间的三层肉，这样口感最佳。</li><li style=\"text-align: start;\"><strong>辅料</strong>：生姜几片、大葱1根、料酒适量、冰糖适量（约50克）、生抽、老抽各适量、八角2颗、桂皮1小段、香叶2片、清水适量。</li></ul><h3 style=\"text-align: start;\">制作步骤：</h3><h4 style=\"text-align: start;\">1. <strong>选材与处理</strong></h4><ul><li style=\"text-align: start;\">将五花肉洗净，切成约10厘米见方的大块，冷水下锅，加入几片生姜和适量料酒，大火煮开后撇去浮沫，这一步是为了去除肉中的血水和腥味。</li><li style=\"text-align: start;\">煮约5分钟后捞出，用冷水冲洗干净，沥干水分，用厨房纸巾吸去多余水分，备用。</li></ul><h4 style=\"text-align: start;\">2. <strong>腌制上色</strong></h4><ul><li style=\"text-align: start;\">在肉块的每一面均匀涂抹上老抽，这一步是为了让东坡肉上色更加诱人。</li><li style=\"text-align: start;\">涂抹完毕后，静置10分钟，让颜色充分渗透。</li></ul><h4 style=\"text-align: start;\">3. <strong>准备砂锅</strong></h4><ul><li style=\"text-align: start;\">砂锅底部铺上几片生姜和大葱段，这样可以防止肉块粘锅，同时增加香味。</li><li style=\"text-align: start;\">将腌制好的肉块皮朝下放入砂锅中，这样可以使肉皮更加酥烂。</li></ul><h4 style=\"text-align: start;\">4. <strong>调制汤汁</strong></h4><ul><li style=\"text-align: start;\">在一个小碗中，将适量生抽、老抽（少量，以免颜色过深）、冰糖、八角、桂皮、香叶和足够覆盖肉块的清水混合均匀，制成调味汁。</li><li style=\"text-align: start;\">将调味汁倒入砂锅中，确保液体能够没过肉块的一半至三分之二处。</li></ul><p style=\"text-align: start;\"><img src=\"http://192.168.1.8:21090//api/food-share-sys/v1.0/file/getFile?fileName=5adde2cSnipaste_2024-11-27_13-36-35.png\" alt=\"http://192.168.1.8:21090//api/food-share-sys/v1.0/file/getFile?fileName=5adde2cSnipaste_2024-11-27_13-36-35.png\" data-href=\"http://192.168.1.8:21090//api/food-share-sys/v1.0/file/getFile?fileName=5adde2cSnipaste_2024-11-27_13-36-35.png\" style=\"width: 480.00px;height: 339.62px;\"></p><h4 style=\"text-align: start;\">5. <strong>慢火炖煮</strong></h4><ul><li style=\"text-align: start;\">盖上砂锅盖，大火烧开后转小火慢炖。这里的关键是“慢”，用最小的火力慢慢炖煮，让肉质逐渐变得酥烂，香味充分释放。</li><li style=\"text-align: start;\">炖煮过程中，可以适时翻动肉块，使其受热均匀，尤其是肉皮面，避免烧焦。</li><li style=\"text-align: start;\">大约需要炖煮2-3小时，具体时间根据肉块大小和个人口味调整。</li></ul><h4 style=\"text-align: start;\">6. <strong>收汁装盘</strong></h4><ul><li style=\"text-align: start;\">待肉质酥烂，汤汁浓稠时，即可关火。此时，东坡肉已经色泽红亮，香气扑鼻。</li><li style=\"text-align: start;\">小心地将肉块取出，皮朝上放入盘中，可以用剩余的汤汁勾芡后淋在肉上，增加光泽和风味。</li><li style=\"text-align: start;\">最后，撒上葱花或香菜点缀，即可上桌享用。</li></ul><h3 style=\"text-align: start;\">小贴士：</h3><ul><li style=\"text-align: start;\">选择砂锅炖煮是制作东坡肉的关键，因为砂锅能很好地锁住食物的原汁原味，使肉质更加鲜美。</li><li style=\"text-align: start;\">炖煮过程中，保持小火慢炖，避免水分过快蒸发，影响口感。</li><li style=\"text-align: start;\">冰糖的加入不仅能提鲜增色，还能使肉质更加细腻，是不可或缺的一味调料。</li></ul>',
        'http://localhost:21090//api/food-share-sys/v1.0/file/getFile?fileName=12b3e60Snipaste_2024-11-28_19-13-47.png',
        1,
        1,
        '2024-11-27 14:52:47'
    );

INSERT INTO
    `gourmet`
VALUES (
        5,
        8,
        3,
        '椒盐鸡翅，巨香巨好吃',
        '<p style=\"text-align: start;\"><br></p><p style=\"text-align: start;\">在中国浩瀚的美食文化中，东坡肉无疑是一颗璀璨的明珠，它不仅承载着宋代大文豪苏东坡的传奇故事，更以其色泽红亮、肥而不腻、酥烂入味的特点，成为了无数食客心中的经典美味。今天，就让我们一起动手，还原这道跨越千年的传统佳肴，感受那份来自历史深处的醇厚与温情。</p><h3 style=\"text-align: start;\">材料准备：</h3><ul><li style=\"text-align: start;\"><strong>主料</strong>：五花肉1块（约1000克），最好选择肥瘦相间的三层肉，这样口感最佳。</li><li style=\"text-align: start;\"><strong>辅料</strong>：生姜几片、大葱1根、料酒适量、冰糖适量（约50克）、生抽、老抽各适量、八角2颗、桂皮1小段、香叶2片、清水适量。</li></ul><h3 style=\"text-align: start;\">制作步骤：</h3><h4 style=\"text-align: start;\">1. <strong>选材与处理</strong></h4><ul><li style=\"text-align: start;\">将五花肉洗净，切成约10厘米见方的大块，冷水下锅，加入几片生姜和适量料酒，大火煮开后撇去浮沫，这一步是为了去除肉中的血水和腥味。</li><li style=\"text-align: start;\">煮约5分钟后捞出，用冷水冲洗干净，沥干水分，用厨房纸巾吸去多余水分，备用。</li></ul><h4 style=\"text-align: start;\">2. <strong>腌制上色</strong></h4><ul><li style=\"text-align: start;\">在肉块的每一面均匀涂抹上老抽，这一步是为了让东坡肉上色更加诱人。</li><li style=\"text-align: start;\">涂抹完毕后，静置10分钟，让颜色充分渗透。</li></ul><h4 style=\"text-align: start;\">3. <strong>准备砂锅</strong></h4><ul><li style=\"text-align: start;\">砂锅底部铺上几片生姜和大葱段，这样可以防止肉块粘锅，同时增加香味。</li><li style=\"text-align: start;\">将腌制好的肉块皮朝下放入砂锅中，这样可以使肉皮更加酥烂。</li></ul><h4 style=\"text-align: start;\">4. <strong>调制汤汁</strong></h4><ul><li style=\"text-align: start;\">在一个小碗中，将适量生抽、老抽（少量，以免颜色过深）、冰糖、八角、桂皮、香叶和足够覆盖肉块的清水混合均匀，制成调味汁。</li><li style=\"text-align: start;\">将调味汁倒入砂锅中，确保液体能够没过肉块的一半至三分之二处。</li></ul><p style=\"text-align: start;\"><img src=\"http://192.168.1.8:21090//api/food-share-sys/v1.0/file/getFile?fileName=5adde2cSnipaste_2024-11-27_13-36-35.png\" alt=\"http://192.168.1.8:21090//api/food-share-sys/v1.0/file/getFile?fileName=5adde2cSnipaste_2024-11-27_13-36-35.png\" data-href=\"http://192.168.1.8:21090//api/food-share-sys/v1.0/file/getFile?fileName=5adde2cSnipaste_2024-11-27_13-36-35.png\" style=\"width: 480px;height: 339.62px;\"></p><h4 style=\"text-align: start;\">5. <strong>慢火炖煮</strong></h4><ul><li style=\"text-align: start;\">盖上砂锅盖，大火烧开后转小火慢炖。这里的关键是“慢”，用最小的火力慢慢炖煮，让肉质逐渐变得酥烂，香味充分释放。</li><li style=\"text-align: start;\">炖煮过程中，可以适时翻动肉块，使其受热均匀，尤其是肉皮面，避免烧焦。</li><li style=\"text-align: start;\">大约需要炖煮2-3小时，具体时间根据肉块大小和个人口味调整。</li></ul><h4 style=\"text-align: start;\">6. <strong>收汁装盘</strong></h4><ul><li style=\"text-align: start;\">待肉质酥烂，汤汁浓稠时，即可关火。此时，东坡肉已经色泽红亮，香气扑鼻。</li><li style=\"text-align: start;\">小心地将肉块取出，皮朝上放入盘中，可以用剩余的汤汁勾芡后淋在肉上，增加光泽和风味。</li><li style=\"text-align: start;\">最后，撒上葱花或香菜点缀，即可上桌享用。</li></ul><h3 style=\"text-align: start;\">小贴士：</h3><ul><li style=\"text-align: start;\">选择砂锅炖煮是制作东坡肉的关键，因为砂锅能很好地锁住食物的原汁原味，使肉质更加鲜美。</li><li style=\"text-align: start;\">炖煮过程中，保持小火慢炖，避免水分过快蒸发，影响口感。</li><li style=\"text-align: start;\">冰糖的加入不仅能提鲜增色，还能使肉质更加细腻，是不可或缺的一味调料。</li><li style=\"text-align: start;\"></li></ul><p style=\"text-align: start;\">在中国浩瀚的美食文化中，东坡肉无疑是一颗璀璨的明珠，它不仅承载着宋代大文豪苏东坡的传奇故事，更以其色泽红亮、肥而不腻、酥烂入味的特点，成为了无数食客心中的经典美味。今天，就让我们一起动手，还原这道跨越千年的传统佳肴，感受那份来自历史深处的醇厚与温情。</p><h3 style=\"text-align: start;\">材料准备：</h3><ul><li style=\"text-align: start;\"><strong>主料</strong>：五花肉1块（约1000克），最好选择肥瘦相间的三层肉，这样口感最佳。</li><li style=\"text-align: start;\"><strong>辅料</strong>：生姜几片、大葱1根、料酒适量、冰糖适量（约50克）、生抽、老抽各适量、八角2颗、桂皮1小段、香叶2片、清水适量。</li></ul><h3 style=\"text-align: start;\">制作步骤：</h3><h4 style=\"text-align: start;\">1. <strong>选材与处理</strong></h4><ul><li style=\"text-align: start;\">将五花肉洗净，切成约10厘米见方的大块，冷水下锅，加入几片生姜和适量料酒，大火煮开后撇去浮沫，这一步是为了去除肉中的血水和腥味。</li><li style=\"text-align: start;\">煮约5分钟后捞出，用冷水冲洗干净，沥干水分，用厨房纸巾吸去多余水分，备用。</li></ul><h4 style=\"text-align: start;\">2. <strong>腌制上色</strong></h4><ul><li style=\"text-align: start;\">在肉块的每一面均匀涂抹上老抽，这一步是为了让东坡肉上色更加诱人。</li><li style=\"text-align: start;\">涂抹完毕后，静置10分钟，让颜色充分渗透。</li></ul><h4 style=\"text-align: start;\">3. <strong>准备砂锅</strong></h4><ul><li style=\"text-align: start;\">砂锅底部铺上几片生姜和大葱段，这样可以防止肉块粘锅，同时增加香味。</li><li style=\"text-align: start;\">将腌制好的肉块皮朝下放入砂锅中，这样可以使肉皮更加酥烂。</li></ul><h4 style=\"text-align: start;\">4. <strong>调制汤汁</strong></h4><ul><li style=\"text-align: start;\">在一个小碗中，将适量生抽、老抽（少量，以免颜色过深）、冰糖、八角、桂皮、香叶和足够覆盖肉块的清水混合均匀，制成调味汁。</li><li style=\"text-align: start;\">将调味汁倒入砂锅中，确保液体能够没过肉块的一半至三分之二处。</li></ul><p style=\"text-align: start;\"><img src=\"http://192.168.1.8:21090//api/food-share-sys/v1.0/file/getFile?fileName=5adde2cSnipaste_2024-11-27_13-36-35.png\" alt=\"http://192.168.1.8:21090//api/food-share-sys/v1.0/file/getFile?fileName=5adde2cSnipaste_2024-11-27_13-36-35.png\" data-href=\"http://192.168.1.8:21090//api/food-share-sys/v1.0/file/getFile?fileName=5adde2cSnipaste_2024-11-27_13-36-35.png\" style=\"width: 480px;height: 339.62px;\"></p><h4 style=\"text-align: start;\">5. <strong>慢火炖煮</strong></h4><ul><li style=\"text-align: start;\">盖上砂锅盖，大火烧开后转小火慢炖。这里的关键是“慢”，用最小的火力慢慢炖煮，让肉质逐渐变得酥烂，香味充分释放。</li><li style=\"text-align: start;\">炖煮过程中，可以适时翻动肉块，使其受热均匀，尤其是肉皮面，避免烧焦。</li><li style=\"text-align: start;\">大约需要炖煮2-3小时，具体时间根据肉块大小和个人口味调整。</li></ul><h4 style=\"text-align: start;\">6. <strong>收汁装盘</strong></h4><ul><li style=\"text-align: start;\">待肉质酥烂，汤汁浓稠时，即可关火。此时，东坡肉已经色泽红亮，香气扑鼻。</li><li style=\"text-align: start;\">小心地将肉块取出，皮朝上放入盘中，可以用剩余的汤汁勾芡后淋在肉上，增加光泽和风味。</li><li style=\"text-align: start;\">最后，撒上葱花或香菜点缀，即可上桌享用。</li></ul><h3 style=\"text-align: start;\">小贴士：</h3><ul><li style=\"text-align: start;\">选择砂锅炖煮是制作东坡肉的关键，因为砂锅能很好地锁住食物的原汁原味，使肉质更加鲜美。</li><li style=\"text-align: start;\">炖煮过程中，保持小火慢炖，避免水分过快蒸发，影响口感。</li><li style=\"text-align: start;\">冰糖的加入不仅能提鲜增色，还能使肉质更加细腻，是不可或缺的一味调料。</li><li style=\"text-align: start;\"></li></ul><p style=\"text-align: start;\">在中国浩瀚的美食文化中，东坡肉无疑是一颗璀璨的明珠，它不仅承载着宋代大文豪苏东坡的传奇故事，更以其色泽红亮、肥而不腻、酥烂入味的特点，成为了无数食客心中的经典美味。今天，就让我们一起动手，还原这道跨越千年的传统佳肴，感受那份来自历史深处的醇厚与温情。</p><h3 style=\"text-align: start;\">材料准备：</h3><ul><li style=\"text-align: start;\"><strong>主料</strong>：五花肉1块（约1000克），最好选择肥瘦相间的三层肉，这样口感最佳。</li><li style=\"text-align: start;\"><strong>辅料</strong>：生姜几片、大葱1根、料酒适量、冰糖适量（约50克）、生抽、老抽各适量、八角2颗、桂皮1小段、香叶2片、清水适量。</li></ul><h3 style=\"text-align: start;\">制作步骤：</h3><h4 style=\"text-align: start;\">1. <strong>选材与处理</strong></h4><ul><li style=\"text-align: start;\">将五花肉洗净，切成约10厘米见方的大块，冷水下锅，加入几片生姜和适量料酒，大火煮开后撇去浮沫，这一步是为了去除肉中的血水和腥味。</li><li style=\"text-align: start;\">煮约5分钟后捞出，用冷水冲洗干净，沥干水分，用厨房纸巾吸去多余水分，备用。</li></ul><h4 style=\"text-align: start;\">2. <strong>腌制上色</strong></h4><ul><li style=\"text-align: start;\">在肉块的每一面均匀涂抹上老抽，这一步是为了让东坡肉上色更加诱人。</li><li style=\"text-align: start;\">涂抹完毕后，静置10分钟，让颜色充分渗透。</li></ul><h4 style=\"text-align: start;\">3. <strong>准备砂锅</strong></h4><ul><li style=\"text-align: start;\">砂锅底部铺上几片生姜和大葱段，这样可以防止肉块粘锅，同时增加香味。</li><li style=\"text-align: start;\">将腌制好的肉块皮朝下放入砂锅中，这样可以使肉皮更加酥烂。</li></ul><h4 style=\"text-align: start;\">4. <strong>调制汤汁</strong></h4><ul><li style=\"text-align: start;\">在一个小碗中，将适量生抽、老抽（少量，以免颜色过深）、冰糖、八角、桂皮、香叶和足够覆盖肉块的清水混合均匀，制成调味汁。</li><li style=\"text-align: start;\">将调味汁倒入砂锅中，确保液体能够没过肉块的一半至三分之二处。</li></ul><p style=\"text-align: start;\"><img src=\"http://192.168.1.8:21090//api/food-share-sys/v1.0/file/getFile?fileName=5adde2cSnipaste_2024-11-27_13-36-35.png\" alt=\"http://192.168.1.8:21090//api/food-share-sys/v1.0/file/getFile?fileName=5adde2cSnipaste_2024-11-27_13-36-35.png\" data-href=\"http://192.168.1.8:21090//api/food-share-sys/v1.0/file/getFile?fileName=5adde2cSnipaste_2024-11-27_13-36-35.png\" style=\"width: 480px;height: 339.62px;\"></p><h4 style=\"text-align: start;\">5. <strong>慢火炖煮</strong></h4><ul><li style=\"text-align: start;\">盖上砂锅盖，大火烧开后转小火慢炖。这里的关键是“慢”，用最小的火力慢慢炖煮，让肉质逐渐变得酥烂，香味充分释放。</li><li style=\"text-align: start;\">炖煮过程中，可以适时翻动肉块，使其受热均匀，尤其是肉皮面，避免烧焦。</li><li style=\"text-align: start;\">大约需要炖煮2-3小时，具体时间根据肉块大小和个人口味调整。</li></ul><h4 style=\"text-align: start;\">6. <strong>收汁装盘</strong></h4><ul><li style=\"text-align: start;\">待肉质酥烂，汤汁浓稠时，即可关火。此时，东坡肉已经色泽红亮，香气扑鼻。</li><li style=\"text-align: start;\">小心地将肉块取出，皮朝上放入盘中，可以用剩余的汤汁勾芡后淋在肉上，增加光泽和风味。</li><li style=\"text-align: start;\">最后，撒上葱花或香菜点缀，即可上桌享用。</li></ul><h3 style=\"text-align: start;\">小贴士：</h3><ul><li style=\"text-align: start;\">选择砂锅炖煮是制作东坡肉的关键，因为砂锅能很好地锁住食物的原汁原味，使肉质更加鲜美。</li><li style=\"text-align: start;\">炖煮过程中，保持小火慢炖，避免水分过快蒸发，影响口感。</li><li style=\"text-align: start;\">冰糖的加入不仅能提鲜增色，还能使肉质更加细腻，是不可或缺的一味调料。</li><li style=\"text-align: start;\"></li></ul><p style=\"text-align: start;\">在中国浩瀚的美食文化中，东坡肉无疑是一颗璀璨的明珠，它不仅承载着宋代大文豪苏东坡的传奇故事，更以其色泽红亮、肥而不腻、酥烂入味的特点，成为了无数食客心中的经典美味。今天，就让我们一起动手，还原这道跨越千年的传统佳肴，感受那份来自历史深处的醇厚与温情。</p><h3 style=\"text-align: start;\">材料准备：</h3><ul><li style=\"text-align: start;\"><strong>主料</strong>：五花肉1块（约1000克），最好选择肥瘦相间的三层肉，这样口感最佳。</li><li style=\"text-align: start;\"><strong>辅料</strong>：生姜几片、大葱1根、料酒适量、冰糖适量（约50克）、生抽、老抽各适量、八角2颗、桂皮1小段、香叶2片、清水适量。</li></ul><h3 style=\"text-align: start;\">制作步骤：</h3><h4 style=\"text-align: start;\">1. <strong>选材与处理</strong></h4><ul><li style=\"text-align: start;\">将五花肉洗净，切成约10厘米见方的大块，冷水下锅，加入几片生姜和适量料酒，大火煮开后撇去浮沫，这一步是为了去除肉中的血水和腥味。</li><li style=\"text-align: start;\">煮约5分钟后捞出，用冷水冲洗干净，沥干水分，用厨房纸巾吸去多余水分，备用。</li></ul><h4 style=\"text-align: start;\">2. <strong>腌制上色</strong></h4><ul><li style=\"text-align: start;\">在肉块的每一面均匀涂抹上老抽，这一步是为了让东坡肉上色更加诱人。</li><li style=\"text-align: start;\">涂抹完毕后，静置10分钟，让颜色充分渗透。</li></ul><h4 style=\"text-align: start;\">3. <strong>准备砂锅</strong></h4><ul><li style=\"text-align: start;\">砂锅底部铺上几片生姜和大葱段，这样可以防止肉块粘锅，同时增加香味。</li><li style=\"text-align: start;\">将腌制好的肉块皮朝下放入砂锅中，这样可以使肉皮更加酥烂。</li></ul><h4 style=\"text-align: start;\">4. <strong>调制汤汁</strong></h4><ul><li style=\"text-align: start;\">在一个小碗中，将适量生抽、老抽（少量，以免颜色过深）、冰糖、八角、桂皮、香叶和足够覆盖肉块的清水混合均匀，制成调味汁。</li><li style=\"text-align: start;\">将调味汁倒入砂锅中，确保液体能够没过肉块的一半至三分之二处。</li></ul><p style=\"text-align: start;\"><img src=\"http://192.168.1.8:21090//api/food-share-sys/v1.0/file/getFile?fileName=5adde2cSnipaste_2024-11-27_13-36-35.png\" alt=\"http://192.168.1.8:21090//api/food-share-sys/v1.0/file/getFile?fileName=5adde2cSnipaste_2024-11-27_13-36-35.png\" data-href=\"http://192.168.1.8:21090//api/food-share-sys/v1.0/file/getFile?fileName=5adde2cSnipaste_2024-11-27_13-36-35.png\" style=\"width: 480px;height: 339.62px;\"></p><h4 style=\"text-align: start;\">5. <strong>慢火炖煮</strong></h4><ul><li style=\"text-align: start;\">盖上砂锅盖，大火烧开后转小火慢炖。这里的关键是“慢”，用最小的火力慢慢炖煮，让肉质逐渐变得酥烂，香味充分释放。</li><li style=\"text-align: start;\">炖煮过程中，可以适时翻动肉块，使其受热均匀，尤其是肉皮面，避免烧焦。</li><li style=\"text-align: start;\">大约需要炖煮2-3小时，具体时间根据肉块大小和个人口味调整。</li></ul><h4 style=\"text-align: start;\">6. <strong>收汁装盘</strong></h4><ul><li style=\"text-align: start;\">待肉质酥烂，汤汁浓稠时，即可关火。此时，东坡肉已经色泽红亮，香气扑鼻。</li><li style=\"text-align: start;\">小心地将肉块取出，皮朝上放入盘中，可以用剩余的汤汁勾芡后淋在肉上，增加光泽和风味。</li><li style=\"text-align: start;\">最后，撒上葱花或香菜点缀，即可上桌享用。</li></ul><h3 style=\"text-align: start;\">小贴士：</h3><ul><li style=\"text-align: start;\">选择砂锅炖煮是制作东坡肉的关键，因为砂锅能很好地锁住食物的原汁原味，使肉质更加鲜美。</li><li style=\"text-align: start;\">炖煮过程中，保持小火慢炖，避免水分过快蒸发，影响口感。</li><li style=\"text-align: start;\">冰糖的加入不仅能提鲜增色，还能使肉质更加细腻，是不可或缺的一味调料。</li></ul>',
        'http://localhost:21090//api/food-share-sys/v1.0/file/getFile?fileName=856ed91Snipaste_2024-11-27_13-37-15.png',
        1,
        1,
        '2024-11-27 15:28:29'
    );

INSERT INTO
    `gourmet`
VALUES (
        6,
        3,
        3,
        '中国浩瀚的美食文化中，东坡肉无疑是一颗璀璨的明珠',
        '<p style=\"text-align: start;\">在中国浩瀚的美食文化中，东坡肉无疑是一颗璀璨的明珠，它不仅承载着宋代大文豪苏东坡的传奇故事，更以其色泽红亮、肥而不腻、酥烂入味的特点，成为了无数食客心中的经典美味。今天，就让我们一起动手，还原这道跨越千年的传统佳肴，感受那份来自历史深处的醇厚与温情。</p><h3 style=\"text-align: start;\">材料准备：</h3><ul><li style=\"text-align: start;\"><strong>主料</strong>：五花肉1块（约1000克），最好选择肥瘦相间的三层肉，这样口感最佳。</li><li style=\"text-align: start;\"><strong>辅料</strong>：生姜几片、大葱1根、料酒适量、冰糖适量（约50克）、生抽、老抽各适量、八角2颗、桂皮1小段、香叶2片、清水适量。</li></ul><h3 style=\"text-align: start;\">制作步骤：</h3><h4 style=\"text-align: start;\">1. <strong>选材与处理</strong></h4><ul><li style=\"text-align: start;\">将五花肉洗净，切成约10厘米见方的大块，冷水下锅，加入几片生姜和适量料酒，大火煮开后撇去浮沫，这一步是为了去除肉中的血水和腥味。</li><li style=\"text-align: start;\">煮约5分钟后捞出，用冷水冲洗干净，沥干水分，用厨房纸巾吸去多余水分，备用。</li></ul><h4 style=\"text-align: start;\">2. <strong>腌制上色</strong></h4><ul><li style=\"text-align: start;\">在肉块的每一面均匀涂抹上老抽，这一步是为了让东坡肉上色更加诱人。</li><li style=\"text-align: start;\">涂抹完毕后，静置10分钟，让颜色充分渗透。</li></ul><h4 style=\"text-align: start;\">3. <strong>准备砂锅</strong></h4><ul><li style=\"text-align: start;\">砂锅底部铺上几片生姜和大葱段，这样可以防止肉块粘锅，同时增加香味。</li><li style=\"text-align: start;\">将腌制好的肉块皮朝下放入砂锅中，这样可以使肉皮更加酥烂。</li></ul><h4 style=\"text-align: start;\">4. <strong>调制汤汁</strong></h4><ul><li style=\"text-align: start;\">在一个小碗中，将适量生抽、老抽（少量，以免颜色过深）、冰糖、八角、桂皮、香叶和足够覆盖肉块的清水混合均匀，制成调味汁。</li><li style=\"text-align: start;\">将调味汁倒入砂锅中，确保液体能够没过肉块的一半至三分之二处。</li></ul><p style=\"text-align: start;\"><img src=\"http://192.168.1.8:21090//api/food-share-sys/v1.0/file/getFile?fileName=5adde2cSnipaste_2024-11-27_13-36-35.png\" alt=\"http://192.168.1.8:21090//api/food-share-sys/v1.0/file/getFile?fileName=5adde2cSnipaste_2024-11-27_13-36-35.png\" data-href=\"http://192.168.1.8:21090//api/food-share-sys/v1.0/file/getFile?fileName=5adde2cSnipaste_2024-11-27_13-36-35.png\" style=\"width: 480px;height: 339.62px;\"></p><h4 style=\"text-align: start;\">5. <strong>慢火炖煮</strong></h4><ul><li style=\"text-align: start;\">盖上砂锅盖，大火烧开后转小火慢炖。这里的关键是“慢”，用最小的火力慢慢炖煮，让肉质逐渐变得酥烂，香味充分释放。</li><li style=\"text-align: start;\">炖煮过程中，可以适时翻动肉块，使其受热均匀，尤其是肉皮面，避免烧焦。</li><li style=\"text-align: start;\">大约需要炖煮2-3小时，具体时间根据肉块大小和个人口味调整。</li></ul><h4 style=\"text-align: start;\">6. <strong>收汁装盘</strong></h4><ul><li style=\"text-align: start;\">待肉质酥烂，汤汁浓稠时，即可关火。此时，东坡肉已经色泽红亮，香气扑鼻。</li><li style=\"text-align: start;\">小心地将肉块取出，皮朝上放入盘中，可以用剩余的汤汁勾芡后淋在肉上，增加光泽和风味。</li><li style=\"text-align: start;\">最后，撒上葱花或香菜点缀，即可上桌享用。</li></ul><h3 style=\"text-align: start;\">小贴士：</h3><ul><li style=\"text-align: start;\">选择砂锅炖煮是制作东坡肉的关键，因为砂锅能很好地锁住食物的原汁原味，使肉质更加鲜美。</li><li style=\"text-align: start;\">炖煮过程中，保持小火慢炖，避免水分过快蒸发，影响口感。</li><li style=\"text-align: start;\">冰糖的加入不仅能提鲜增色，还能使肉质更加细腻，是不可或缺的一味调料。</li><li style=\"text-align: start;\"></li></ul><p style=\"text-align: start;\">在中国浩瀚的美食文化中，东坡肉无疑是一颗璀璨的明珠，它不仅承载着宋代大文豪苏东坡的传奇故事，更以其色泽红亮、肥而不腻、酥烂入味的特点，成为了无数食客心中的经典美味。今天，就让我们一起动手，还原这道跨越千年的传统佳肴，感受那份来自历史深处的醇厚与温情。</p><h3 style=\"text-align: start;\">材料准备：</h3><ul><li style=\"text-align: start;\"><strong>主料</strong>：五花肉1块（约1000克），最好选择肥瘦相间的三层肉，这样口感最佳。</li><li style=\"text-align: start;\"><strong>辅料</strong>：生姜几片、大葱1根、料酒适量、冰糖适量（约50克）、生抽、老抽各适量、八角2颗、桂皮1小段、香叶2片、清水适量。</li></ul><h3 style=\"text-align: start;\">制作步骤：</h3><h4 style=\"text-align: start;\">1. <strong>选材与处理</strong></h4><ul><li style=\"text-align: start;\">将五花肉洗净，切成约10厘米见方的大块，冷水下锅，加入几片生姜和适量料酒，大火煮开后撇去浮沫，这一步是为了去除肉中的血水和腥味。</li><li style=\"text-align: start;\">煮约5分钟后捞出，用冷水冲洗干净，沥干水分，用厨房纸巾吸去多余水分，备用。</li></ul><h4 style=\"text-align: start;\">2. <strong>腌制上色</strong></h4><ul><li style=\"text-align: start;\">在肉块的每一面均匀涂抹上老抽，这一步是为了让东坡肉上色更加诱人。</li><li style=\"text-align: start;\">涂抹完毕后，静置10分钟，让颜色充分渗透。</li></ul><h4 style=\"text-align: start;\">3. <strong>准备砂锅</strong></h4><ul><li style=\"text-align: start;\">砂锅底部铺上几片生姜和大葱段，这样可以防止肉块粘锅，同时增加香味。</li><li style=\"text-align: start;\">将腌制好的肉块皮朝下放入砂锅中，这样可以使肉皮更加酥烂。</li></ul><h4 style=\"text-align: start;\">4. <strong>调制汤汁</strong></h4><ul><li style=\"text-align: start;\">在一个小碗中，将适量生抽、老抽（少量，以免颜色过深）、冰糖、八角、桂皮、香叶和足够覆盖肉块的清水混合均匀，制成调味汁。</li><li style=\"text-align: start;\">将调味汁倒入砂锅中，确保液体能够没过肉块的一半至三分之二处。</li></ul><p style=\"text-align: start;\"><img src=\"http://192.168.1.8:21090//api/food-share-sys/v1.0/file/getFile?fileName=5adde2cSnipaste_2024-11-27_13-36-35.png\" alt=\"http://192.168.1.8:21090//api/food-share-sys/v1.0/file/getFile?fileName=5adde2cSnipaste_2024-11-27_13-36-35.png\" data-href=\"http://192.168.1.8:21090//api/food-share-sys/v1.0/file/getFile?fileName=5adde2cSnipaste_2024-11-27_13-36-35.png\" style=\"width: 480px;height: 339.62px;\"></p><h4 style=\"text-align: start;\">5. <strong>慢火炖煮</strong></h4><ul><li style=\"text-align: start;\">盖上砂锅盖，大火烧开后转小火慢炖。这里的关键是“慢”，用最小的火力慢慢炖煮，让肉质逐渐变得酥烂，香味充分释放。</li><li style=\"text-align: start;\">炖煮过程中，可以适时翻动肉块，使其受热均匀，尤其是肉皮面，避免烧焦。</li><li style=\"text-align: start;\">大约需要炖煮2-3小时，具体时间根据肉块大小和个人口味调整。</li></ul><h4 style=\"text-align: start;\">6. <strong>收汁装盘</strong></h4><ul><li style=\"text-align: start;\">待肉质酥烂，汤汁浓稠时，即可关火。此时，东坡肉已经色泽红亮，香气扑鼻。</li><li style=\"text-align: start;\">小心地将肉块取出，皮朝上放入盘中，可以用剩余的汤汁勾芡后淋在肉上，增加光泽和风味。</li><li style=\"text-align: start;\">最后，撒上葱花或香菜点缀，即可上桌享用。</li></ul><h3 style=\"text-align: start;\">小贴士：</h3><ul><li style=\"text-align: start;\">选择砂锅炖煮是制作东坡肉的关键，因为砂锅能很好地锁住食物的原汁原味，使肉质更加鲜美。</li><li style=\"text-align: start;\">炖煮过程中，保持小火慢炖，避免水分过快蒸发，影响口感。</li><li style=\"text-align: start;\">冰糖的加入不仅能提鲜增色，还能使肉质更加细腻，是不可或缺的一味调料。</li><li style=\"text-align: start;\"></li></ul><p style=\"text-align: start;\">在中国浩瀚的美食文化中，东坡肉无疑是一颗璀璨的明珠，它不仅承载着宋代大文豪苏东坡的传奇故事，更以其色泽红亮、肥而不腻、酥烂入味的特点，成为了无数食客心中的经典美味。今天，就让我们一起动手，还原这道跨越千年的传统佳肴，感受那份来自历史深处的醇厚与温情。</p><h3 style=\"text-align: start;\">材料准备：</h3><ul><li style=\"text-align: start;\"><strong>主料</strong>：五花肉1块（约1000克），最好选择肥瘦相间的三层肉，这样口感最佳。</li><li style=\"text-align: start;\"><strong>辅料</strong>：生姜几片、大葱1根、料酒适量、冰糖适量（约50克）、生抽、老抽各适量、八角2颗、桂皮1小段、香叶2片、清水适量。</li></ul><h3 style=\"text-align: start;\">制作步骤：</h3><h4 style=\"text-align: start;\">1. <strong>选材与处理</strong></h4><ul><li style=\"text-align: start;\">将五花肉洗净，切成约10厘米见方的大块，冷水下锅，加入几片生姜和适量料酒，大火煮开后撇去浮沫，这一步是为了去除肉中的血水和腥味。</li><li style=\"text-align: start;\">煮约5分钟后捞出，用冷水冲洗干净，沥干水分，用厨房纸巾吸去多余水分，备用。</li></ul><h4 style=\"text-align: start;\">2. <strong>腌制上色</strong></h4><ul><li style=\"text-align: start;\">在肉块的每一面均匀涂抹上老抽，这一步是为了让东坡肉上色更加诱人。</li><li style=\"text-align: start;\">涂抹完毕后，静置10分钟，让颜色充分渗透。</li></ul><h4 style=\"text-align: start;\">3. <strong>准备砂锅</strong></h4><ul><li style=\"text-align: start;\">砂锅底部铺上几片生姜和大葱段，这样可以防止肉块粘锅，同时增加香味。</li><li style=\"text-align: start;\">将腌制好的肉块皮朝下放入砂锅中，这样可以使肉皮更加酥烂。</li></ul><h4 style=\"text-align: start;\">4. <strong>调制汤汁</strong></h4><ul><li style=\"text-align: start;\">在一个小碗中，将适量生抽、老抽（少量，以免颜色过深）、冰糖、八角、桂皮、香叶和足够覆盖肉块的清水混合均匀，制成调味汁。</li><li style=\"text-align: start;\">将调味汁倒入砂锅中，确保液体能够没过肉块的一半至三分之二处。</li></ul><p style=\"text-align: start;\"><img src=\"http://192.168.1.8:21090//api/food-share-sys/v1.0/file/getFile?fileName=5adde2cSnipaste_2024-11-27_13-36-35.png\" alt=\"http://192.168.1.8:21090//api/food-share-sys/v1.0/file/getFile?fileName=5adde2cSnipaste_2024-11-27_13-36-35.png\" data-href=\"http://192.168.1.8:21090//api/food-share-sys/v1.0/file/getFile?fileName=5adde2cSnipaste_2024-11-27_13-36-35.png\" style=\"width: 480px;height: 339.62px;\"></p><h4 style=\"text-align: start;\">5. <strong>慢火炖煮</strong></h4><ul><li style=\"text-align: start;\">盖上砂锅盖，大火烧开后转小火慢炖。这里的关键是“慢”，用最小的火力慢慢炖煮，让肉质逐渐变得酥烂，香味充分释放。</li><li style=\"text-align: start;\">炖煮过程中，可以适时翻动肉块，使其受热均匀，尤其是肉皮面，避免烧焦。</li><li style=\"text-align: start;\">大约需要炖煮2-3小时，具体时间根据肉块大小和个人口味调整。</li></ul><h4 style=\"text-align: start;\">6. <strong>收汁装盘</strong></h4><ul><li style=\"text-align: start;\">待肉质酥烂，汤汁浓稠时，即可关火。此时，东坡肉已经色泽红亮，香气扑鼻。</li><li style=\"text-align: start;\">小心地将肉块取出，皮朝上放入盘中，可以用剩余的汤汁勾芡后淋在肉上，增加光泽和风味。</li><li style=\"text-align: start;\">最后，撒上葱花或香菜点缀，即可上桌享用。</li></ul><h3 style=\"text-align: start;\">小贴士：</h3><ul><li style=\"text-align: start;\">选择砂锅炖煮是制作东坡肉的关键，因为砂锅能很好地锁住食物的原汁原味，使肉质更加鲜美。</li><li style=\"text-align: start;\">炖煮过程中，保持小火慢炖，避免水分过快蒸发，影响口感。</li><li style=\"text-align: start;\">冰糖的加入不仅能提鲜增色，还能使肉质更加细腻，是不可或缺的一味调料。</li><li style=\"text-align: start;\"></li></ul><p style=\"text-align: start;\">在中国浩瀚的美食文化中，东坡肉无疑是一颗璀璨的明珠，它不仅承载着宋代大文豪苏东坡的传奇故事，更以其色泽红亮、肥而不腻、酥烂入味的特点，成为了无数食客心中的经典美味。今天，就让我们一起动手，还原这道跨越千年的传统佳肴，感受那份来自历史深处的醇厚与温情。</p><h3 style=\"text-align: start;\">材料准备：</h3><ul><li style=\"text-align: start;\"><strong>主料</strong>：五花肉1块（约1000克），最好选择肥瘦相间的三层肉，这样口感最佳。</li><li style=\"text-align: start;\"><strong>辅料</strong>：生姜几片、大葱1根、料酒适量、冰糖适量（约50克）、生抽、老抽各适量、八角2颗、桂皮1小段、香叶2片、清水适量。</li></ul><h3 style=\"text-align: start;\">制作步骤：</h3><h4 style=\"text-align: start;\">1. <strong>选材与处理</strong></h4><ul><li style=\"text-align: start;\">将五花肉洗净，切成约10厘米见方的大块，冷水下锅，加入几片生姜和适量料酒，大火煮开后撇去浮沫，这一步是为了去除肉中的血水和腥味。</li><li style=\"text-align: start;\">煮约5分钟后捞出，用冷水冲洗干净，沥干水分，用厨房纸巾吸去多余水分，备用。</li></ul><h4 style=\"text-align: start;\">2. <strong>腌制上色</strong></h4><ul><li style=\"text-align: start;\">在肉块的每一面均匀涂抹上老抽，这一步是为了让东坡肉上色更加诱人。</li><li style=\"text-align: start;\">涂抹完毕后，静置10分钟，让颜色充分渗透。</li></ul><h4 style=\"text-align: start;\">3. <strong>准备砂锅</strong></h4><ul><li style=\"text-align: start;\">砂锅底部铺上几片生姜和大葱段，这样可以防止肉块粘锅，同时增加香味。</li><li style=\"text-align: start;\">将腌制好的肉块皮朝下放入砂锅中，这样可以使肉皮更加酥烂。</li></ul><h4 style=\"text-align: start;\">4. <strong>调制汤汁</strong></h4><ul><li style=\"text-align: start;\">在一个小碗中，将适量生抽、老抽（少量，以免颜色过深）、冰糖、八角、桂皮、香叶和足够覆盖肉块的清水混合均匀，制成调味汁。</li><li style=\"text-align: start;\">将调味汁倒入砂锅中，确保液体能够没过肉块的一半至三分之二处。</li></ul><p style=\"text-align: start;\"><img src=\"http://192.168.1.8:21090//api/food-share-sys/v1.0/file/getFile?fileName=5adde2cSnipaste_2024-11-27_13-36-35.png\" alt=\"http://192.168.1.8:21090//api/food-share-sys/v1.0/file/getFile?fileName=5adde2cSnipaste_2024-11-27_13-36-35.png\" data-href=\"http://192.168.1.8:21090//api/food-share-sys/v1.0/file/getFile?fileName=5adde2cSnipaste_2024-11-27_13-36-35.png\" style=\"width: 480px;height: 339.62px;\"></p><h4 style=\"text-align: start;\">5. <strong>慢火炖煮</strong></h4><ul><li style=\"text-align: start;\">盖上砂锅盖，大火烧开后转小火慢炖。这里的关键是“慢”，用最小的火力慢慢炖煮，让肉质逐渐变得酥烂，香味充分释放。</li><li style=\"text-align: start;\">炖煮过程中，可以适时翻动肉块，使其受热均匀，尤其是肉皮面，避免烧焦。</li><li style=\"text-align: start;\">大约需要炖煮2-3小时，具体时间根据肉块大小和个人口味调整。</li></ul><h4 style=\"text-align: start;\">6. <strong>收汁装盘</strong></h4><ul><li style=\"text-align: start;\">待肉质酥烂，汤汁浓稠时，即可关火。此时，东坡肉已经色泽红亮，香气扑鼻。</li><li style=\"text-align: start;\">小心地将肉块取出，皮朝上放入盘中，可以用剩余的汤汁勾芡后淋在肉上，增加光泽和风味。</li><li style=\"text-align: start;\">最后，撒上葱花或香菜点缀，即可上桌享用。</li></ul><h3 style=\"text-align: start;\">小贴士：</h3><ul><li style=\"text-align: start;\">选择砂锅炖煮是制作东坡肉的关键，因为砂锅能很好地锁住食物的原汁原味，使肉质更加鲜美。</li><li style=\"text-align: start;\">炖煮过程中，保持小火慢炖，避免水分过快蒸发，影响口感。</li><li style=\"text-align: start;\">冰糖的加入不仅能提鲜增色，还能使肉质更加细腻，是不可或缺的一味调料。</li></ul>',
        'http://localhost:21090//api/food-share-sys/v1.0/file/getFile?fileName=6851e27Snipaste_2024-11-27_13-37-15.png',
        1,
        1,
        '2024-12-03 14:20:51'
    );

INSERT INTO
    `gourmet`
VALUES (
        7,
        8,
        7,
        '砂锅盖牛，大火烧开后转小火慢炖',
        '<p style=\"text-align: start;\">在中国浩瀚的美食文化中，东坡肉无疑是一颗璀璨的明珠，它不仅承载着宋代大文豪苏东坡的传奇故事，更以其色泽红亮、肥而不腻、酥烂入味的特点，成为了无数食客心中的经典美味。今天，就让我们一起动手，还原这道跨越千年的传统佳肴，感受那份来自历史深处的醇厚与温情。</p><h3 style=\"text-align: start;\">材料准备：</h3><ul><li style=\"text-align: start;\"><strong>主料</strong>：五花肉1块（约1000克），最好选择肥瘦相间的三层肉，这样口感最佳。</li><li style=\"text-align: start;\"><strong>辅料</strong>：生姜几片、大葱1根、料酒适量、冰糖适量（约50克）、生抽、老抽各适量、八角2颗、桂皮1小段、香叶2片、清水适量。</li></ul><h3 style=\"text-align: start;\">制作步骤：</h3><h4 style=\"text-align: start;\">1. <strong>选材与处理</strong></h4><ul><li style=\"text-align: start;\">将五花肉洗净，切成约10厘米见方的大块，冷水下锅，加入几片生姜和适量料酒，大火煮开后撇去浮沫，这一步是为了去除肉中的血水和腥味。</li><li style=\"text-align: start;\">煮约5分钟后捞出，用冷水冲洗干净，沥干水分，用厨房纸巾吸去多余水分，备用。</li></ul><h4 style=\"text-align: start;\">2. <strong>腌制上色</strong></h4><ul><li style=\"text-align: start;\">在肉块的每一面均匀涂抹上老抽，这一步是为了让东坡肉上色更加诱人。</li><li style=\"text-align: start;\">涂抹完毕后，静置10分钟，让颜色充分渗透。</li></ul><h4 style=\"text-align: start;\">3. <strong>准备砂锅</strong></h4><ul><li style=\"text-align: start;\">砂锅底部铺上几片生姜和大葱段，这样可以防止肉块粘锅，同时增加香味。</li><li style=\"text-align: start;\">将腌制好的肉块皮朝下放入砂锅中，这样可以使肉皮更加酥烂。</li></ul><h4 style=\"text-align: start;\">4. <strong>调制汤汁</strong></h4><ul><li style=\"text-align: start;\">在一个小碗中，将适量生抽、老抽（少量，以免颜色过深）、冰糖、八角、桂皮、香叶和足够覆盖肉块的清水混合均匀，制成调味汁。</li><li style=\"text-align: start;\">将调味汁倒入砂锅中，确保液体能够没过肉块的一半至三分之二处。</li></ul><p style=\"text-align: start;\"><img src=\"http://192.168.1.8:21090//api/food-share-sys/v1.0/file/getFile?fileName=5adde2cSnipaste_2024-11-27_13-36-35.png\" alt=\"http://192.168.1.8:21090//api/food-share-sys/v1.0/file/getFile?fileName=5adde2cSnipaste_2024-11-27_13-36-35.png\" data-href=\"http://192.168.1.8:21090//api/food-share-sys/v1.0/file/getFile?fileName=5adde2cSnipaste_2024-11-27_13-36-35.png\" style=\"width: 480px;height: 339.62px;\"></p><h4 style=\"text-align: start;\">5. <strong>慢火炖煮</strong></h4><ul><li style=\"text-align: start;\">盖上砂锅盖，大火烧开后转小火慢炖。这里的关键是“慢”，用最小的火力慢慢炖煮，让肉质逐渐变得酥烂，香味充分释放。</li><li style=\"text-align: start;\">炖煮过程中，可以适时翻动肉块，使其受热均匀，尤其是肉皮面，避免烧焦。</li><li style=\"text-align: start;\">大约需要炖煮2-3小时，具体时间根据肉块大小和个人口味调整。</li></ul><h4 style=\"text-align: start;\">6. <strong>收汁装盘</strong></h4><ul><li style=\"text-align: start;\">待肉质酥烂，汤汁浓稠时，即可关火。此时，东坡肉已经色泽红亮，香气扑鼻。</li><li style=\"text-align: start;\">小心地将肉块取出，皮朝上放入盘中，可以用剩余的汤汁勾芡后淋在肉上，增加光泽和风味。</li><li style=\"text-align: start;\">最后，撒上葱花或香菜点缀，即可上桌享用。</li></ul><h3 style=\"text-align: start;\">小贴士：</h3><ul><li style=\"text-align: start;\">选择砂锅炖煮是制作东坡肉的关键，因为砂锅能很好地锁住食物的原汁原味，使肉质更加鲜美。</li><li style=\"text-align: start;\">炖煮过程中，保持小火慢炖，避免水分过快蒸发，影响口感。</li><li style=\"text-align: start;\">冰糖的加入不仅能提鲜增色，还能使肉质更加细腻，是不可或缺的一味调料。</li><li style=\"text-align: start;\"></li></ul><p style=\"text-align: start;\">在中国浩瀚的美食文化中，东坡肉无疑是一颗璀璨的明珠，它不仅承载着宋代大文豪苏东坡的传奇故事，更以其色泽红亮、肥而不腻、酥烂入味的特点，成为了无数食客心中的经典美味。今天，就让我们一起动手，还原这道跨越千年的传统佳肴，感受那份来自历史深处的醇厚与温情。</p><h3 style=\"text-align: start;\">材料准备：</h3><ul><li style=\"text-align: start;\"><strong>主料</strong>：五花肉1块（约1000克），最好选择肥瘦相间的三层肉，这样口感最佳。</li><li style=\"text-align: start;\"><strong>辅料</strong>：生姜几片、大葱1根、料酒适量、冰糖适量（约50克）、生抽、老抽各适量、八角2颗、桂皮1小段、香叶2片、清水适量。</li></ul><h3 style=\"text-align: start;\">制作步骤：</h3><h4 style=\"text-align: start;\">1. <strong>选材与处理</strong></h4><ul><li style=\"text-align: start;\">将五花肉洗净，切成约10厘米见方的大块，冷水下锅，加入几片生姜和适量料酒，大火煮开后撇去浮沫，这一步是为了去除肉中的血水和腥味。</li><li style=\"text-align: start;\">煮约5分钟后捞出，用冷水冲洗干净，沥干水分，用厨房纸巾吸去多余水分，备用。</li></ul><h4 style=\"text-align: start;\">2. <strong>腌制上色</strong></h4><ul><li style=\"text-align: start;\">在肉块的每一面均匀涂抹上老抽，这一步是为了让东坡肉上色更加诱人。</li><li style=\"text-align: start;\">涂抹完毕后，静置10分钟，让颜色充分渗透。</li></ul><h4 style=\"text-align: start;\">3. <strong>准备砂锅</strong></h4><ul><li style=\"text-align: start;\">砂锅底部铺上几片生姜和大葱段，这样可以防止肉块粘锅，同时增加香味。</li><li style=\"text-align: start;\">将腌制好的肉块皮朝下放入砂锅中，这样可以使肉皮更加酥烂。</li></ul><h4 style=\"text-align: start;\">4. <strong>调制汤汁</strong></h4><ul><li style=\"text-align: start;\">在一个小碗中，将适量生抽、老抽（少量，以免颜色过深）、冰糖、八角、桂皮、香叶和足够覆盖肉块的清水混合均匀，制成调味汁。</li><li style=\"text-align: start;\">将调味汁倒入砂锅中，确保液体能够没过肉块的一半至三分之二处。</li></ul><h4 style=\"text-align: start;\">5. <strong>慢火炖煮</strong></h4><ul><li style=\"text-align: start;\">盖上砂锅盖，大火烧开后转小火慢炖。这里的关键是“慢”，用最小的火力慢慢炖煮，让肉质逐渐变得酥烂，香味充分释放。</li><li style=\"text-align: start;\">炖煮过程中，可以适时翻动肉块，使其受热均匀，尤其是肉皮面，避免烧焦。</li><li style=\"text-align: start;\">大约需要炖煮2-3小时，具体时间根据肉块大小和个人口味调整。</li></ul><h4 style=\"text-align: start;\">6. <strong>收汁装盘</strong></h4><ul><li style=\"text-align: start;\">待肉质酥烂，汤汁浓稠时，即可关火。此时，东坡肉已经色泽红亮，香气扑鼻。</li><li style=\"text-align: start;\">小心地将肉块取出，皮朝上放入盘中，可以用剩余的汤汁勾芡后淋在肉上，增加光泽和风味。</li><li style=\"text-align: start;\">最后，撒上葱花或香菜点缀，即可上桌享用。</li></ul><h3 style=\"text-align: start;\">小贴士：</h3><ul><li style=\"text-align: start;\">选择砂锅炖煮是制作东坡肉的关键，因为砂锅能很好地锁住食物的原汁原味，使肉质更加鲜美。</li><li style=\"text-align: start;\">炖煮过程中，保持小火慢炖，避免水分过快蒸发，影响口感。</li><li style=\"text-align: start;\">冰糖的加入不仅能提鲜增色，还能使肉质更加细腻，是不可或缺的一味调料。</li><li style=\"text-align: start;\"></li></ul><p style=\"text-align: start;\">在中国浩瀚的美食文化中，东坡肉无疑是一颗璀璨的明珠，它不仅承载着宋代大文豪苏东坡的传奇故事，更以其色泽红亮、肥而不腻、酥烂入味的特点，成为了无数食客心中的经典美味。今天，就让我们一起动手，还原这道跨越千年的传统佳肴，感受那份来自历史深处的醇厚与温情。</p><h3 style=\"text-align: start;\">材料准备：</h3><ul><li style=\"text-align: start;\"><strong>主料</strong>：五花肉1块（约1000克），最好选择肥瘦相间的三层肉，这样口感最佳。</li><li style=\"text-align: start;\"><strong>辅料</strong>：生姜几片、大葱1根、料酒适量、冰糖适量（约50克）、生抽、老抽各适量、八角2颗、桂皮1小段、香叶2片、清水适量。</li></ul><h3 style=\"text-align: start;\">制作步骤：</h3><h4 style=\"text-align: start;\">1. <strong>选材与处理</strong></h4><ul><li style=\"text-align: start;\">将五花肉洗净，切成约10厘米见方的大块，冷水下锅，加入几片生姜和适量料酒，大火煮开后撇去浮沫，这一步是为了去除肉中的血水和腥味。</li><li style=\"text-align: start;\">煮约5分钟后捞出，用冷水冲洗干净，沥干水分，用厨房纸巾吸去多余水分，备用。</li></ul><h4 style=\"text-align: start;\">2. <strong>腌制上色</strong></h4><ul><li style=\"text-align: start;\">在肉块的每一面均匀涂抹上老抽，这一步是为了让东坡肉上色更加诱人。</li><li style=\"text-align: start;\">涂抹完毕后，静置10分钟，让颜色充分渗透。</li></ul><h4 style=\"text-align: start;\">3. <strong>准备砂锅</strong></h4><ul><li style=\"text-align: start;\">砂锅底部铺上几片生姜和大葱段，这样可以防止肉块粘锅，同时增加香味。</li><li style=\"text-align: start;\">将腌制好的肉块皮朝下放入砂锅中，这样可以使肉皮更加酥烂。</li></ul><h4 style=\"text-align: start;\">4. <strong>调制汤汁</strong></h4><ul><li style=\"text-align: start;\">在一个小碗中，将适量生抽、老抽（少量，以免颜色过深）、冰糖、八角、桂皮、香叶和足够覆盖肉块的清水混合均匀，制成调味汁。</li><li style=\"text-align: start;\">将调味汁倒入砂锅中，确保液体能够没过肉块的一半至三分之二处。</li></ul><h4 style=\"text-align: start;\">5. <strong>慢火炖煮</strong></h4><ul><li style=\"text-align: start;\">盖上砂锅盖，大火烧开后转小火慢炖。这里的关键是“慢”，用最小的火力慢慢炖煮，让肉质逐渐变得酥烂，香味充分释放。</li><li style=\"text-align: start;\">炖煮过程中，可以适时翻动肉块，使其受热均匀，尤其是肉皮面，避免烧焦。</li><li style=\"text-align: start;\">大约需要炖煮2-3小时，具体时间根据肉块大小和个人口味调整。</li></ul><h4 style=\"text-align: start;\">6. <strong>收汁装盘</strong></h4><ul><li style=\"text-align: start;\">待肉质酥烂，汤汁浓稠时，即可关火。此时，东坡肉已经色泽红亮，香气扑鼻。</li><li style=\"text-align: start;\">小心地将肉块取出，皮朝上放入盘中，可以用剩余的汤汁勾芡后淋在肉上，增加光泽和风味。</li><li style=\"text-align: start;\">最后，撒上葱花或香菜点缀，即可上桌享用。</li></ul><h3 style=\"text-align: start;\">小贴士：</h3><ul><li style=\"text-align: start;\">选择砂锅炖煮是制作东坡肉的关键，因为砂锅能很好地锁住食物的原汁原味，使肉质更加鲜美。</li><li style=\"text-align: start;\">炖煮过程中，保持小火慢炖，避免水分过快蒸发，影响口感。</li><li style=\"text-align: start;\">冰糖的加入不仅能提鲜增色，还能使肉质更加细腻，是不可或缺的一味调料。</li><li style=\"text-align: start;\"></li></ul><p style=\"text-align: start;\">在中国浩瀚的美食文化中，东坡肉无疑是一颗璀璨的明珠，它不仅承载着宋代大文豪苏东坡的传奇故事，更以其色泽红亮、肥而不腻、酥烂入味的特点，成为了无数食客心中的经典美味。今天，就让我们一起动手，还原这道跨越千年的传统佳肴，感受那份来自历史深处的醇厚与温情。</p><h3 style=\"text-align: start;\">材料准备：</h3><ul><li style=\"text-align: start;\"><strong>主料</strong>：五花肉1块（约1000克），最好选择肥瘦相间的三层肉，这样口感最佳。</li><li style=\"text-align: start;\"><strong>辅料</strong>：生姜几片、大葱1根、料酒适量、冰糖适量（约50克）、生抽、老抽各适量、八角2颗、桂皮1小段、香叶2片、清水适量。</li></ul><h3 style=\"text-align: start;\">制作步骤：</h3><h4 style=\"text-align: start;\">1. <strong>选材与处理</strong></h4><ul><li style=\"text-align: start;\">将五花肉洗净，切成约10厘米见方的大块，冷水下锅，加入几片生姜和适量料酒，大火煮开后撇去浮沫，这一步是为了去除肉中的血水和腥味。</li><li style=\"text-align: start;\">煮约5分钟后捞出，用冷水冲洗干净，沥干水分，用厨房纸巾吸去多余水分，备用。</li></ul><h4 style=\"text-align: start;\">2. <strong>腌制上色</strong></h4><ul><li style=\"text-align: start;\">在肉块的每一面均匀涂抹上老抽，这一步是为了让东坡肉上色更加诱人。</li><li style=\"text-align: start;\">涂抹完毕后，静置10分钟，让颜色充分渗透。</li></ul><h4 style=\"text-align: start;\">3. <strong>准备砂锅</strong></h4><ul><li style=\"text-align: start;\">砂锅底部铺上几片生姜和大葱段，这样可以防止肉块粘锅，同时增加香味。</li><li style=\"text-align: start;\">将腌制好的肉块皮朝下放入砂锅中，这样可以使肉皮更加酥烂。</li></ul><h4 style=\"text-align: start;\">4. <strong>调制汤汁</strong></h4><ul><li style=\"text-align: start;\">在一个小碗中，将适量生抽、老抽（少量，以免颜色过深）、冰糖、八角、桂皮、香叶和足够覆盖肉块的清水混合均匀，制成调味汁。</li><li style=\"text-align: start;\">将调味汁倒入砂锅中，确保液体能够没过肉块的一半至三分之二处。</li></ul><h4 style=\"text-align: start;\">5. <strong>慢火炖煮</strong></h4><ul><li style=\"text-align: start;\">盖上砂锅盖，大火烧开后转小火慢炖。这里的关键是“慢”，用最小的火力慢慢炖煮，让肉质逐渐变得酥烂，香味充分释放。</li><li style=\"text-align: start;\">炖煮过程中，可以适时翻动肉块，使其受热均匀，尤其是肉皮面，避免烧焦。</li><li style=\"text-align: start;\">大约需要炖煮2-3小时，具体时间根据肉块大小和个人口味调整。</li></ul><h4 style=\"text-align: start;\">6. <strong>收汁装盘</strong></h4><ul><li style=\"text-align: start;\">待肉质酥烂，汤汁浓稠时，即可关火。此时，东坡肉已经色泽红亮，香气扑鼻。</li><li style=\"text-align: start;\">小心地将肉块取出，皮朝上放入盘中，可以用剩余的汤汁勾芡后淋在肉上，增加光泽和风味。</li><li style=\"text-align: start;\">最后，撒上葱花或香菜点缀，即可上桌享用。</li></ul><h3 style=\"text-align: start;\">小贴士：</h3><ul><li style=\"text-align: start;\">选择砂锅炖煮是制作东坡肉的关键，因为砂锅能很好地锁住食物的原汁原味，使肉质更加鲜美。</li><li style=\"text-align: start;\">炖煮过程中，保持小火慢炖，避免水分过快蒸发，影响口感。</li><li style=\"text-align: start;\">冰糖的加入不仅能提鲜增色，还能使肉质更加细腻，是不可或缺的一味调料。</li></ul>',
        'http://localhost:21090//api/food-share-sys/v1.0/file/getFile?fileName=c71321bSnipaste_2024-11-27_13-36-35.png',
        1,
        1,
        '2024-12-03 21:40:29'
    );

INSERT INTO
    `gourmet`
VALUES (
        8,
        8,
        5,
        '热腾肉块，使其受热均匀',
        '<p style=\"text-align: start;\">在中国浩瀚的美食文化中，东坡肉无疑是一颗璀璨的明珠，它不仅承载着宋代大文豪苏东坡的传奇故事，更以其色泽红亮、肥而不腻、酥烂入味的特点，成为了无数食客心中的经典美味。今天，就让我们一起动手，还原这道跨越千年的传统佳肴，感受那份来自历史深处的醇厚与温情。</p><h3 style=\"text-align: start;\">材料准备：</h3><ul><li style=\"text-align: start;\"><strong>主料</strong>：五花肉1块（约1000克），最好选择肥瘦相间的三层肉，这样口感最佳。</li><li style=\"text-align: start;\"><strong>辅料</strong>：生姜几片、大葱1根、料酒适量、冰糖适量（约50克）、生抽、老抽各适量、八角2颗、桂皮1小段、香叶2片、清水适量。</li></ul><h3 style=\"text-align: start;\">制作步骤：</h3><h4 style=\"text-align: start;\">1. <strong>选材与处理</strong></h4><ul><li style=\"text-align: start;\">将五花肉洗净，切成约10厘米见方的大块，冷水下锅，加入几片生姜和适量料酒，大火煮开后撇去浮沫，这一步是为了去除肉中的血水和腥味。</li><li style=\"text-align: start;\">煮约5分钟后捞出，用冷水冲洗干净，沥干水分，用厨房纸巾吸去多余水分，备用。</li></ul><h4 style=\"text-align: start;\">2. <strong>腌制上色</strong></h4><ul><li style=\"text-align: start;\">在肉块的每一面均匀涂抹上老抽，这一步是为了让东坡肉上色更加诱人。</li><li style=\"text-align: start;\">涂抹完毕后，静置10分钟，让颜色充分渗透。</li></ul><h4 style=\"text-align: start;\">3. <strong>准备砂锅</strong></h4><ul><li style=\"text-align: start;\">砂锅底部铺上几片生姜和大葱段，这样可以防止肉块粘锅，同时增加香味。</li><li style=\"text-align: start;\">将腌制好的肉块皮朝下放入砂锅中，这样可以使肉皮更加酥烂。</li></ul><h4 style=\"text-align: start;\">4. <strong>调制汤汁</strong></h4><ul><li style=\"text-align: start;\">在一个小碗中，将适量生抽、老抽（少量，以免颜色过深）、冰糖、八角、桂皮、香叶和足够覆盖肉块的清水混合均匀，制成调味汁。</li><li style=\"text-align: start;\">将调味汁倒入砂锅中，确保液体能够没过肉块的一半至三分之二处。</li></ul><p style=\"text-align: start;\"><img src=\"http://192.168.1.8:21090//api/food-share-sys/v1.0/file/getFile?fileName=5adde2cSnipaste_2024-11-27_13-36-35.png\" alt=\"http://192.168.1.8:21090//api/food-share-sys/v1.0/file/getFile?fileName=5adde2cSnipaste_2024-11-27_13-36-35.png\" data-href=\"http://192.168.1.8:21090//api/food-share-sys/v1.0/file/getFile?fileName=5adde2cSnipaste_2024-11-27_13-36-35.png\" style=\"width: 480px;height: 339.62px;\"></p><h4 style=\"text-align: start;\">5. <strong>慢火炖煮</strong></h4><ul><li style=\"text-align: start;\">盖上砂锅盖，大火烧开后转小火慢炖。这里的关键是“慢”，用最小的火力慢慢炖煮，让肉质逐渐变得酥烂，香味充分释放。</li><li style=\"text-align: start;\">炖煮过程中，可以适时翻动肉块，使其受热均匀，尤其是肉皮面，避免烧焦。</li><li style=\"text-align: start;\">大约需要炖煮2-3小时，具体时间根据肉块大小和个人口味调整。</li></ul><h4 style=\"text-align: start;\">6. <strong>收汁装盘</strong></h4><ul><li style=\"text-align: start;\">待肉质酥烂，汤汁浓稠时，即可关火。此时，东坡肉已经色泽红亮，香气扑鼻。</li><li style=\"text-align: start;\">小心地将肉块取出，皮朝上放入盘中，可以用剩余的汤汁勾芡后淋在肉上，增加光泽和风味。</li><li style=\"text-align: start;\">最后，撒上葱花或香菜点缀，即可上桌享用。</li></ul><h3 style=\"text-align: start;\">小贴士：</h3><ul><li style=\"text-align: start;\">选择砂锅炖煮是制作东坡肉的关键，因为砂锅能很好地锁住食物的原汁原味，使肉质更加鲜美。</li><li style=\"text-align: start;\">炖煮过程中，保持小火慢炖，避免水分过快蒸发，影响口感。</li><li style=\"text-align: start;\">冰糖的加入不仅能提鲜增色，还能使肉质更加细腻，是不可或缺的一味调料。</li><li style=\"text-align: start;\"></li></ul><p style=\"text-align: start;\">在中国浩瀚的美食文化中，东坡肉无疑是一颗璀璨的明珠，它不仅承载着宋代大文豪苏东坡的传奇故事，更以其色泽红亮、肥而不腻、酥烂入味的特点，成为了无数食客心中的经典美味。今天，就让我们一起动手，还原这道跨越千年的传统佳肴，感受那份来自历史深处的醇厚与温情。</p><h3 style=\"text-align: start;\">材料准备：</h3><ul><li style=\"text-align: start;\"><strong>主料</strong>：五花肉1块（约1000克），最好选择肥瘦相间的三层肉，这样口感最佳。</li><li style=\"text-align: start;\"><strong>辅料</strong>：生姜几片、大葱1根、料酒适量、冰糖适量（约50克）、生抽、老抽各适量、八角2颗、桂皮1小段、香叶2片、清水适量。</li></ul><h3 style=\"text-align: start;\">制作步骤：</h3><h4 style=\"text-align: start;\">1. <strong>选材与处理</strong></h4><ul><li style=\"text-align: start;\">将五花肉洗净，切成约10厘米见方的大块，冷水下锅，加入几片生姜和适量料酒，大火煮开后撇去浮沫，这一步是为了去除肉中的血水和腥味。</li><li style=\"text-align: start;\">煮约5分钟后捞出，用冷水冲洗干净，沥干水分，用厨房纸巾吸去多余水分，备用。</li></ul><h4 style=\"text-align: start;\">2. <strong>腌制上色</strong></h4><ul><li style=\"text-align: start;\">在肉块的每一面均匀涂抹上老抽，这一步是为了让东坡肉上色更加诱人。</li><li style=\"text-align: start;\">涂抹完毕后，静置10分钟，让颜色充分渗透。</li></ul><h4 style=\"text-align: start;\">3. <strong>准备砂锅</strong></h4><ul><li style=\"text-align: start;\">砂锅底部铺上几片生姜和大葱段，这样可以防止肉块粘锅，同时增加香味。</li><li style=\"text-align: start;\">将腌制好的肉块皮朝下放入砂锅中，这样可以使肉皮更加酥烂。</li></ul><h4 style=\"text-align: start;\">4. <strong>调制汤汁</strong></h4><ul><li style=\"text-align: start;\">在一个小碗中，将适量生抽、老抽（少量，以免颜色过深）、冰糖、八角、桂皮、香叶和足够覆盖肉块的清水混合均匀，制成调味汁。</li><li style=\"text-align: start;\">将调味汁倒入砂锅中，确保液体能够没过肉块的一半至三分之二处。</li></ul><h4 style=\"text-align: start;\">5. <strong>慢火炖煮</strong></h4><ul><li style=\"text-align: start;\">盖上砂锅盖，大火烧开后转小火慢炖。这里的关键是“慢”，用最小的火力慢慢炖煮，让肉质逐渐变得酥烂，香味充分释放。</li><li style=\"text-align: start;\">炖煮过程中，可以适时翻动肉块，使其受热均匀，尤其是肉皮面，避免烧焦。</li><li style=\"text-align: start;\">大约需要炖煮2-3小时，具体时间根据肉块大小和个人口味调整。</li></ul><h4 style=\"text-align: start;\">6. <strong>收汁装盘</strong></h4><ul><li style=\"text-align: start;\">待肉质酥烂，汤汁浓稠时，即可关火。此时，东坡肉已经色泽红亮，香气扑鼻。</li><li style=\"text-align: start;\">小心地将肉块取出，皮朝上放入盘中，可以用剩余的汤汁勾芡后淋在肉上，增加光泽和风味。</li><li style=\"text-align: start;\">最后，撒上葱花或香菜点缀，即可上桌享用。</li></ul><h3 style=\"text-align: start;\">小贴士：</h3><ul><li style=\"text-align: start;\">选择砂锅炖煮是制作东坡肉的关键，因为砂锅能很好地锁住食物的原汁原味，使肉质更加鲜美。</li><li style=\"text-align: start;\">炖煮过程中，保持小火慢炖，避免水分过快蒸发，影响口感。</li><li style=\"text-align: start;\">冰糖的加入不仅能提鲜增色，还能使肉质更加细腻，是不可或缺的一味调料。</li><li style=\"text-align: start;\"></li></ul><p style=\"text-align: start;\">在中国浩瀚的美食文化中，东坡肉无疑是一颗璀璨的明珠，它不仅承载着宋代大文豪苏东坡的传奇故事，更以其色泽红亮、肥而不腻、酥烂入味的特点，成为了无数食客心中的经典美味。今天，就让我们一起动手，还原这道跨越千年的传统佳肴，感受那份来自历史深处的醇厚与温情。</p><h3 style=\"text-align: start;\">材料准备：</h3><ul><li style=\"text-align: start;\"><strong>主料</strong>：五花肉1块（约1000克），最好选择肥瘦相间的三层肉，这样口感最佳。</li><li style=\"text-align: start;\"><strong>辅料</strong>：生姜几片、大葱1根、料酒适量、冰糖适量（约50克）、生抽、老抽各适量、八角2颗、桂皮1小段、香叶2片、清水适量。</li></ul><h3 style=\"text-align: start;\">制作步骤：</h3><h4 style=\"text-align: start;\">1. <strong>选材与处理</strong></h4><ul><li style=\"text-align: start;\">将五花肉洗净，切成约10厘米见方的大块，冷水下锅，加入几片生姜和适量料酒，大火煮开后撇去浮沫，这一步是为了去除肉中的血水和腥味。</li><li style=\"text-align: start;\">煮约5分钟后捞出，用冷水冲洗干净，沥干水分，用厨房纸巾吸去多余水分，备用。</li></ul><h4 style=\"text-align: start;\">2. <strong>腌制上色</strong></h4><ul><li style=\"text-align: start;\">在肉块的每一面均匀涂抹上老抽，这一步是为了让东坡肉上色更加诱人。</li><li style=\"text-align: start;\">涂抹完毕后，静置10分钟，让颜色充分渗透。</li></ul><h4 style=\"text-align: start;\">3. <strong>准备砂锅</strong></h4><ul><li style=\"text-align: start;\">砂锅底部铺上几片生姜和大葱段，这样可以防止肉块粘锅，同时增加香味。</li><li style=\"text-align: start;\">将腌制好的肉块皮朝下放入砂锅中，这样可以使肉皮更加酥烂。</li></ul><h4 style=\"text-align: start;\">4. <strong>调制汤汁</strong></h4><ul><li style=\"text-align: start;\">在一个小碗中，将适量生抽、老抽（少量，以免颜色过深）、冰糖、八角、桂皮、香叶和足够覆盖肉块的清水混合均匀，制成调味汁。</li><li style=\"text-align: start;\">将调味汁倒入砂锅中，确保液体能够没过肉块的一半至三分之二处。</li></ul><h4 style=\"text-align: start;\">5. <strong>慢火炖煮</strong></h4><ul><li style=\"text-align: start;\">盖上砂锅盖，大火烧开后转小火慢炖。这里的关键是“慢”，用最小的火力慢慢炖煮，让肉质逐渐变得酥烂，香味充分释放。</li><li style=\"text-align: start;\">炖煮过程中，可以适时翻动肉块，使其受热均匀，尤其是肉皮面，避免烧焦。</li><li style=\"text-align: start;\">大约需要炖煮2-3小时，具体时间根据肉块大小和个人口味调整。</li></ul><h4 style=\"text-align: start;\">6. <strong>收汁装盘</strong></h4><ul><li style=\"text-align: start;\">待肉质酥烂，汤汁浓稠时，即可关火。此时，东坡肉已经色泽红亮，香气扑鼻。</li><li style=\"text-align: start;\">小心地将肉块取出，皮朝上放入盘中，可以用剩余的汤汁勾芡后淋在肉上，增加光泽和风味。</li><li style=\"text-align: start;\">最后，撒上葱花或香菜点缀，即可上桌享用。</li></ul><h3 style=\"text-align: start;\">小贴士：</h3><ul><li style=\"text-align: start;\">选择砂锅炖煮是制作东坡肉的关键，因为砂锅能很好地锁住食物的原汁原味，使肉质更加鲜美。</li><li style=\"text-align: start;\">炖煮过程中，保持小火慢炖，避免水分过快蒸发，影响口感。</li><li style=\"text-align: start;\">冰糖的加入不仅能提鲜增色，还能使肉质更加细腻，是不可或缺的一味调料。</li><li style=\"text-align: start;\"></li></ul><p style=\"text-align: start;\">在中国浩瀚的美食文化中，东坡肉无疑是一颗璀璨的明珠，它不仅承载着宋代大文豪苏东坡的传奇故事，更以其色泽红亮、肥而不腻、酥烂入味的特点，成为了无数食客心中的经典美味。今天，就让我们一起动手，还原这道跨越千年的传统佳肴，感受那份来自历史深处的醇厚与温情。</p><h3 style=\"text-align: start;\">材料准备：</h3><ul><li style=\"text-align: start;\"><strong>主料</strong>：五花肉1块（约1000克），最好选择肥瘦相间的三层肉，这样口感最佳。</li><li style=\"text-align: start;\"><strong>辅料</strong>：生姜几片、大葱1根、料酒适量、冰糖适量（约50克）、生抽、老抽各适量、八角2颗、桂皮1小段、香叶2片、清水适量。</li></ul><h3 style=\"text-align: start;\">制作步骤：</h3><h4 style=\"text-align: start;\">1. <strong>选材与处理</strong></h4><ul><li style=\"text-align: start;\">将五花肉洗净，切成约10厘米见方的大块，冷水下锅，加入几片生姜和适量料酒，大火煮开后撇去浮沫，这一步是为了去除肉中的血水和腥味。</li><li style=\"text-align: start;\">煮约5分钟后捞出，用冷水冲洗干净，沥干水分，用厨房纸巾吸去多余水分，备用。</li></ul><h4 style=\"text-align: start;\">2. <strong>腌制上色</strong></h4><ul><li style=\"text-align: start;\">在肉块的每一面均匀涂抹上老抽，这一步是为了让东坡肉上色更加诱人。</li><li style=\"text-align: start;\">涂抹完毕后，静置10分钟，让颜色充分渗透。</li></ul><h4 style=\"text-align: start;\">3. <strong>准备砂锅</strong></h4><ul><li style=\"text-align: start;\">砂锅底部铺上几片生姜和大葱段，这样可以防止肉块粘锅，同时增加香味。</li><li style=\"text-align: start;\">将腌制好的肉块皮朝下放入砂锅中，这样可以使肉皮更加酥烂。</li></ul><h4 style=\"text-align: start;\">4. <strong>调制汤汁</strong></h4><ul><li style=\"text-align: start;\">在一个小碗中，将适量生抽、老抽（少量，以免颜色过深）、冰糖、八角、桂皮、香叶和足够覆盖肉块的清水混合均匀，制成调味汁。</li><li style=\"text-align: start;\">将调味汁倒入砂锅中，确保液体能够没过肉块的一半至三分之二处。</li></ul><h4 style=\"text-align: start;\">5. <strong>慢火炖煮</strong></h4><ul><li style=\"text-align: start;\">盖上砂锅盖，大火烧开后转小火慢炖。这里的关键是“慢”，用最小的火力慢慢炖煮，让肉质逐渐变得酥烂，香味充分释放。</li><li style=\"text-align: start;\">炖煮过程中，可以适时翻动肉块，使其受热均匀，尤其是肉皮面，避免烧焦。</li><li style=\"text-align: start;\">大约需要炖煮2-3小时，具体时间根据肉块大小和个人口味调整。</li></ul><h4 style=\"text-align: start;\">6. <strong>收汁装盘</strong></h4><ul><li style=\"text-align: start;\">待肉质酥烂，汤汁浓稠时，即可关火。此时，东坡肉已经色泽红亮，香气扑鼻。</li><li style=\"text-align: start;\">小心地将肉块取出，皮朝上放入盘中，可以用剩余的汤汁勾芡后淋在肉上，增加光泽和风味。</li><li style=\"text-align: start;\">最后，撒上葱花或香菜点缀，即可上桌享用。</li></ul><h3 style=\"text-align: start;\">小贴士：</h3><ul><li style=\"text-align: start;\">选择砂锅炖煮是制作东坡肉的关键，因为砂锅能很好地锁住食物的原汁原味，使肉质更加鲜美。</li><li style=\"text-align: start;\">炖煮过程中，保持小火慢炖，避免水分过快蒸发，影响口感。</li><li style=\"text-align: start;\">冰糖的加入不仅能提鲜增色，还能使肉质更加细腻，是不可或缺的一味调料。</li></ul>',
        'http://localhost:21090//api/food-share-sys/v1.0/file/getFile?fileName=8219f0eSnipaste_2024-11-27_13-37-15.png',
        1,
        1,
        '2024-12-03 21:40:52'
    );

INSERT INTO
    `gourmet`
VALUES (
        9,
        8,
        16,
        '焦糖奶茶',
        '<p><span style=\"color: rgb(51, 51, 51); background-color: rgb(255, 255, 255); font-size: 16px;\">到底是谁发明的这个喝法！谢谢啊～ 真的又简单又好喝！以后谁还去奶茶店啊！ 红茶➕白糖炒一炒，炒到焦黄冒泡泡，加一点水煮开，最后倒牛奶就完成啦！（全程小火，糖炒的焦黄冒泡就赶紧加水！不要炒过头，我就炒糊一次🥲） 家里有小朋友的做给小朋友喝也很干净卫生～ 家里有珍珠的可以加珍珠，有啥小料就放啥！ 真的超级无敌好喝！赶快试试！！到底是谁发明的这个喝法！谢谢啊～ 真的又简单又好喝！以后谁还去奶茶店啊！ 红茶➕白糖炒一炒，炒到焦黄冒泡泡，加一点水煮开，最后倒牛奶就完成啦！（全程小火，糖炒的焦黄冒泡就赶紧加水！不要炒过头，我就炒糊一次🥲） 家里有小朋友的做给小朋友喝也很干净卫生～ 家里有珍珠的可以加珍珠，有啥小料就放啥！ 真的超级无敌好喝！赶快试试！！</span></p><p><span style=\"color: rgb(51, 51, 51); background-color: rgb(255, 255, 255); font-size: 16px;\">到底是谁发明的这个喝法！谢谢啊～ 真的又简单又好喝！以后谁还去奶茶店啊！ 红茶➕白糖炒一炒，炒到焦黄冒泡泡，加一点水煮开，最后倒牛奶就完成啦！（全程小火，糖炒的焦黄冒泡就赶紧加水！不要炒过头，我就炒糊一次🥲） 家里有小朋友的做给小朋友喝也很干净卫生～ 家里有珍珠的可以加珍珠，有啥小料就放啥！ 真的超级无敌好喝！赶快试试！！</span></p><p><span style=\"color: rgb(51, 51, 51); background-color: rgb(255, 255, 255); font-size: 16px;\">到底是谁发明的这个喝法！谢谢啊～ 真的又简单又好喝！以后谁还去奶茶店啊！ 红茶➕白糖炒一炒，炒到焦黄冒泡泡，加一点水煮开，最后倒牛奶就完成啦！（全程小火，糖炒的焦黄冒泡就赶紧加水！不要炒过头，我就炒糊一次🥲） 家里有小朋友的做给小朋友喝也很干净卫生～ 家里有珍珠的可以加珍珠，有啥小料就放啥！ 真的超级无敌好喝！赶快试试！！</span></p>',
        'http://localhost:21090//api/food-share-sys/v1.0/file/getFile?fileName=4cd0648Snipaste_2024-12-04_17-36-38.png',
        0,
        1,
        '2024-12-04 17:40:35'
    );

INSERT INTO
    `gourmet`
VALUES (
        10,
        8,
        16,
        '奶羹，超级好吃',
        '<p><span style=\"color: rgb(51, 51, 51); background-color: rgb(255, 255, 255); font-size: 16px;\">到底是谁发明的这个喝法！谢谢啊～ 真的又简单又好喝！以后谁还去奶茶店啊！ 红茶➕白糖炒一炒，炒到焦黄冒泡泡，加一点水煮开，最后倒牛奶就完成啦！（全程小火，糖炒的焦黄冒泡就赶紧加水！不要炒过头，我就炒糊一次🥲） 家里有小朋友的做给小朋友喝也很干净卫生～ 家里有珍珠的可以加珍珠，有啥小料就放啥！ 真的超级无敌好喝！赶快试试！！到底是谁发明的这个喝法！谢谢啊～ 真的又简单又好喝！以后谁还去奶茶店啊！ 红茶➕白糖炒一炒，炒到焦黄冒泡泡，加一点水煮开，最后倒牛奶就完成啦！（全程小火，糖炒的焦黄冒泡就赶紧加水！不要炒过头，我就炒糊一次🥲） 家里有小朋友的做给小朋友喝也很干净卫生～ 家里有珍珠的可以加珍珠，有啥小料就放啥！ 真的超级无敌好喝！赶快试试！！</span></p>',
        'http://localhost:21090//api/food-share-sys/v1.0/file/getFile?fileName=dd19adeSnipaste_2024-12-04_17-36-48.png',
        1,
        1,
        '2024-12-04 17:41:21'
    );

INSERT INTO
    `gourmet`
VALUES (
        11,
        8,
        17,
        '字豆糖',
        '<p><span style=\"color: rgb(51, 51, 51); background-color: rgb(255, 255, 255); font-size: 16px;\">到底是谁发明的这个喝法！谢谢啊～ 真的又简单又好喝！以后谁还去奶茶店啊！ 红茶➕白糖炒一炒，炒到焦黄冒泡泡，加一点水煮开，最后倒牛奶就完成啦！（全程小火，糖炒的焦黄冒泡就赶紧加水！不要炒过头，我就炒糊一次🥲） 家里有小朋友的做给小朋友喝也很干净卫生～ 家里有珍珠的可以加珍珠，有啥小料就放啥！ 真的超级无敌好喝！赶快试试！！到底是谁发明的这个喝法！谢谢啊～ 真的又简单又好喝！以后谁还去奶茶店啊！ 红茶➕白糖炒一炒，炒到焦黄冒泡泡，加一点水煮开，最后倒牛奶就完成啦！（全程小火，糖炒的焦黄冒泡就赶紧加水！不要炒过头，我就炒糊一次🥲） 家里有小朋友的做给小朋友喝也很干净卫生～ 家里有珍珠的可以加珍珠，有啥小料就放啥！ 真的超级无敌好喝！赶快试试！！到底是谁发明的这个喝法！谢谢啊～ 真的又简单又好喝！以后谁还去奶茶店啊！ 红茶➕白糖炒一炒，炒到焦黄冒泡泡，加一点水煮开，最后倒牛奶就完成啦！（全程小火，糖炒的焦黄冒泡就赶紧加水！不要炒过头，我就炒糊一次🥲） 家里有小朋友的做给小朋友喝也很干净卫生～ 家里有珍珠的可以加珍珠，有啥小料就放啥！ 真的超级无敌好喝！赶快试试！！</span></p>',
        'http://localhost:21090//api/food-share-sys/v1.0/file/getFile?fileName=8d0a298Snipaste_2024-12-04_17-37-05.png',
        1,
        1,
        '2024-12-04 17:42:24'
    );

INSERT INTO
    `gourmet`
VALUES (
        12,
        9,
        14,
        '神奇辣子鸡',
        '<p><span style=\"color: rgb(51, 51, 51); background-color: rgb(255, 255, 255); font-size: 16px;\">到底是谁发明的这个喝法！谢谢啊～ 真的又简单又好喝！以后谁还去奶茶店啊！ 红茶➕白糖炒一炒，炒到焦黄冒泡泡，加一点水煮开，最后倒牛奶就完成啦！（全程小火，糖炒的焦黄冒泡就赶紧加水！不要炒过头，我就炒糊一次🥲） 家里有小朋友的做给小朋友喝也很干净卫生～ 家里有珍珠的可以加珍珠，有啥小料就放啥！ 真的超级无敌好喝！赶快试试！！到底是谁发明的这个喝法！谢谢啊～ 真的又简单又好喝！以后谁还去奶茶店啊！ 红茶➕白糖炒一炒，炒到焦黄冒泡泡，加一点水煮开，最后倒牛奶就完成啦！（全程小火，糖炒的焦黄冒泡就赶紧加水！不要炒过头，我就炒糊一次🥲） 家里有小朋友的做给小朋友喝也很干净卫生～ 家里有珍珠的可以加珍珠，有啥小料就放啥！ 真的超级无敌好喝！赶快试试！！到底是谁发明的这个喝法！谢谢啊～ 真的又简单又好喝！以后谁还去奶茶店啊！ 红茶➕白糖炒一炒，炒到焦黄冒泡泡，加一点水煮开，最后倒牛奶就完成啦！（全程小火，糖炒的焦黄冒泡就赶紧加水！不要炒过头，我就炒糊一次🥲） 家里有小朋友的做给小朋友喝也很干净卫生～ 家里有珍珠的可以加珍珠，有啥小料就放啥！ 真的超级无敌好喝！赶快试试！！</span></p>',
        'http://localhost:21090//api/food-share-sys/v1.0/file/getFile?fileName=2182c56Snipaste_2024-12-04_17-38-31.png',
        1,
        1,
        '2024-12-04 17:43:18'
    );

INSERT INTO
    `gourmet`
VALUES (
        13,
        9,
        14,
        '辣味凤爪',
        '<p><span style=\"color: rgb(51, 51, 51); background-color: rgb(255, 255, 255); font-size: 16px;\">到底是谁发明的这个喝法！谢谢啊～ 真的又简单又好喝！以后谁还去奶茶店啊！ 红茶➕白糖炒一炒，炒到焦黄冒泡泡，加一点水煮开，最后倒牛奶就完成啦！（全程小火，糖炒的焦黄冒泡就赶紧加水！不要炒过头，我就炒糊一次🥲） 家里有小朋友的做给小朋友喝也很干净卫生～ 家里有珍珠的可以加珍珠，有啥小料就放啥！ 真的超级无敌好喝！赶快试试！！到底是谁发明的这个喝法！谢谢啊～ 真的又简单又好喝！以后谁还去奶茶店啊！ 红茶➕白糖炒一炒，炒到焦黄冒泡泡，加一点水煮开，最后倒牛奶就完成啦！（全程小火，糖炒的焦黄冒泡就赶紧加水！不要炒过头，我就炒糊一次🥲） 家里有小朋友的做给小朋友喝也很干净卫生～ 家里有珍珠的可以加珍珠，有啥小料就放啥！ 真的超级无敌好喝！赶快试试！！到底是谁发明的这个喝法！谢谢啊～ 真的又简单又好喝！以后谁还去奶茶店啊！ 红茶➕白糖炒一炒，炒到焦黄冒泡泡，加一点水煮开，最后倒牛奶就完成啦！（全程小火，糖炒的焦黄冒泡就赶紧加水！不要炒过头，我就炒糊一次🥲） 家里有小朋友的做给小朋友喝也很干净卫生～ 家里有珍珠的可以加珍珠，有啥小料就放啥！ 真的超级无敌好喝！赶快试试！！</span></p>',
        'http://localhost:21090//api/food-share-sys/v1.0/file/getFile?fileName=02025d4Snipaste_2024-12-04_17-38-38.png',
        0,
        1,
        '2024-12-04 17:44:20'
    );

INSERT INTO
    `gourmet`
VALUES (
        14,
        9,
        14,
        '干香蛙',
        '<p><span style=\"color: rgb(51, 51, 51); background-color: rgb(255, 255, 255); font-size: 16px;\">到底是谁发明的这个喝法！谢谢啊～ 真的又简单又好喝！以后谁还去奶茶店啊！ 红茶➕白糖炒一炒，炒到焦黄冒泡泡，加一点水煮开，最后倒牛奶就完成啦！（全程小火，糖炒的焦黄冒泡就赶紧加水！不要炒过头，我就炒糊一次🥲） 家里有小朋友的做给小朋友喝也很干净卫生～ 家里有珍珠的可以加珍珠，有啥小料就放啥！ 真的超级无敌好喝！赶快试试！！到底是谁发明的这个喝法！谢谢啊～ 真的又简单又好喝！以后谁还去奶茶店啊！ 红茶➕白糖炒一炒，炒到焦黄冒泡泡，加一点水煮开，最后倒牛奶就完成啦！（全程小火，糖炒的焦黄冒泡就赶紧加水！不要炒过头，我就炒糊一次🥲） 家里有小朋友的做给小朋友喝也很干净卫生～ 家里有珍珠的可以加珍珠，有啥小料就放啥！ 真的超级无敌好喝！赶快试试！！到底是谁发明的这个喝法！谢谢啊～ 真的又简单又好喝！以后谁还去奶茶店啊！ 红茶➕白糖炒一炒，炒到焦黄冒泡泡，加一点水煮开，最后倒牛奶就完成啦！（全程小火，糖炒的焦黄冒泡就赶紧加水！不要炒过头，我就炒糊一次🥲） 家里有小朋友的做给小朋友喝也很干净卫生～ 家里有珍珠的可以加珍珠，有啥小料就放啥！ 真的超级无敌好喝！赶快试试！！到底是谁发明的这个喝法！谢谢啊～ 真的又简单又好喝！以后谁还去奶茶店啊！ 红茶➕白糖炒一炒，炒到焦黄冒泡泡，加一点水煮开，最后倒牛奶就完成啦！（全程小火，糖炒的焦黄冒泡就赶紧加水！不要炒过头，我就炒糊一次🥲） 家里有小朋友的做给小朋友喝也很干净卫生～ 家里有珍珠的可以加珍珠，有啥小料就放啥！ 真的超级无敌好喝！赶快试试！！到底是谁发明的这个喝法！谢谢啊～ 真的又简单又好喝！以后谁还去奶茶店啊！ 红茶➕白糖炒一炒，炒到焦黄冒泡泡，加一点水煮开，最后倒牛奶就完成啦！（全程小火，糖炒的焦黄冒泡就赶紧加水！不要炒过头，我就炒糊一次🥲） 家里有小朋友的做给小朋友喝也很干净卫生～ 家里有珍珠的可以加珍珠，有啥小料就放啥！ 真的超级无敌好喝！赶快试试！！到底是谁发明的这个喝法！谢谢啊～ 真的又简单又好喝！以后谁还去奶茶店啊！ 红茶➕白糖炒一炒，炒到焦黄冒泡泡，加一点水煮开，最后倒牛奶就完成啦！（全程小火，糖炒的焦黄冒泡就赶紧加水！不要炒过头，我就炒糊一次🥲） 家里有小朋友的做给小朋友喝也很干净卫生～ 家里有珍珠的可以加珍珠，有啥小料就放啥！ 真的超级无敌好喝！赶快试试！！</span></p>',
        'http://localhost:21090//api/food-share-sys/v1.0/file/getFile?fileName=4963eceSnipaste_2024-12-04_17-38-48.png',
        1,
        1,
        '2024-12-04 17:44:46'
    );

INSERT INTO
    `gourmet`
VALUES (
        15,
        3,
        1,
        '风味腊肠',
        '<p><span style=\"color: rgb(51, 51, 51); background-color: rgb(255, 255, 255); font-size: 16px;\">到底是谁发明的这个喝法！谢谢啊～ 真的又简单又好喝！以后谁还去奶茶店啊！ 红茶➕白糖炒一炒，炒到焦黄冒泡泡，加一点水煮开，最后倒牛奶就完成啦！（全程小火，糖炒的焦黄冒泡就赶紧加水！不要炒过头，我就炒糊一次🥲） 家里有小朋友的做给小朋友喝也很干净卫生～ 家里有珍珠的可以加珍珠，有啥小料就放啥！ 真的超级无敌好喝！赶快试试！！到底是谁发明的这个喝法！谢谢啊～ 真的又简单又好喝！以后谁还去奶茶店啊！ 红茶➕白糖炒一炒，炒到焦黄冒泡泡，加一点水煮开，最后倒牛奶就完成啦！（全程小火，糖炒的焦黄冒泡就赶紧加水！不要炒过头，我就炒糊一次🥲） 家里有小朋友的做给小朋友喝也很干净卫生～ 家里有珍珠的可以加珍珠，有啥小料就放啥！ 真的超级无敌好喝！赶快试试！！到底是谁发明的这个喝法！谢谢啊～ 真的又简单又好喝！以后谁还去奶茶店啊！ 红茶➕白糖炒一炒，炒到焦黄冒泡泡，加一点水煮开，最后倒牛奶就完成啦！（全程小火，糖炒的焦黄冒泡就赶紧加水！不要炒过头，我就炒糊一次🥲） 家里有小朋友的做给小朋友喝也很干净卫生～ 家里有珍珠的可以加珍珠，有啥小料就放啥！ 真的超级无敌好喝！赶快试试！！到底是谁发明的这个喝法！谢谢啊～ 真的又简单又好喝！以后谁还去奶茶店啊！ 红茶➕白糖炒一炒，炒到焦黄冒泡泡，加一点水煮开，最后倒牛奶就完成啦！（全程小火，糖炒的焦黄冒泡就赶紧加水！不要炒过头，我就炒糊一次🥲） 家里有小朋友的做给小朋友喝也很干净卫生～ 家里有珍珠的可以加珍珠，有啥小料就放啥！ 真的超级无敌好喝！赶快试试！！到底是谁发明的这个喝法！谢谢啊～ 真的又简单又好喝！以后谁还去奶茶店啊！ 红茶➕白糖炒一炒，炒到焦黄冒泡泡，加一点水煮开，最后倒牛奶就完成啦！（全程小火，糖炒的焦黄冒泡就赶紧加水！不要炒过头，我就炒糊一次🥲） 家里有小朋友的做给小朋友喝也很干净卫生～ 家里有珍珠的可以加珍珠，有啥小料就放啥！ 真的超级无敌好喝！赶快试试！！到底是谁发明的这个喝法！谢谢啊～ 真的又简单又好喝！以后谁还去奶茶店啊！ 红茶➕白糖炒一炒，炒到焦黄冒泡泡，加一点水煮开，最后倒牛奶就完成啦！（全程小火，糖炒的焦黄冒泡就赶紧加水！不要炒过头，我就炒糊一次🥲） 家里有小朋友的做给小朋友喝也很干净卫生～ 家里有珍珠的可以加珍珠，有啥小料就放啥！ 真的超级无敌好喝！赶快试试！！到底是谁发明的这个喝法！谢谢啊～ 真的又简单又好喝！以后谁还去奶茶店啊！ 红茶➕白糖炒一炒，炒到焦黄冒泡泡，加一点水煮开，最后倒牛奶就完成啦！（全程小火，糖炒的焦黄冒泡就赶紧加水！不要炒过头，我就炒糊一次🥲） 家里有小朋友的做给小朋友喝也很干净卫生～ 家里有珍珠的可以加珍珠，有啥小料就放啥！ 真的超级无敌好喝！赶快试试！！到底是谁发明的这个喝法！谢谢啊～ 真的又简单又好喝！以后谁还去奶茶店啊！ 红茶➕白糖炒一炒，炒到焦黄冒泡泡，加一点水煮开，最后倒牛奶就完成啦！（全程小火，糖炒的焦黄冒泡就赶紧加水！不要炒过头，我就炒糊一次🥲） 家里有小朋友的做给小朋友喝也很干净卫生～ 家里有珍珠的可以加珍珠，有啥小料就放啥！ 真的超级无敌好喝！赶快试试！！到底是谁发明的这个喝法！谢谢啊～ 真的又简单又好喝！以后谁还去奶茶店啊！ 红茶➕白糖炒一炒，炒到焦黄冒泡泡，加一点水煮开，最后倒牛奶就完成啦！（全程小火，糖炒的焦黄冒泡就赶紧加水！不要炒过头，我就炒糊一次🥲） 家里有小朋友的做给小朋友喝也很干净卫生～ 家里有珍珠的可以加珍珠，有啥小料就放啥！ 真的超级无敌好喝！赶快试试！！到底是谁发明的这个喝法！谢谢啊～ 真的又简单又好喝！以后谁还去奶茶店啊！ 红茶➕白糖炒一炒，炒到焦黄冒泡泡，加一点水煮开，最后倒牛奶就完成啦！（全程小火，糖炒的焦黄冒泡就赶紧加水！不要炒过头，我就炒糊一次🥲） 家里有小朋友的做给小朋友喝也很干净卫生～ 家里有珍珠的可以加珍珠，有啥小料就放啥！ 真的超级无敌好喝！赶快试试！！到底是谁发明的这个喝法！谢谢啊～ 真的又简单又好喝！以后谁还去奶茶店啊！ 红茶➕白糖炒一炒，炒到焦黄冒泡泡，加一点水煮开，最后倒牛奶就完成啦！（全程小火，糖炒的焦黄冒泡就赶紧加水！不要炒过头，我就炒糊一次🥲） 家里有小朋友的做给小朋友喝也很干净卫生～ 家里有珍珠的可以加珍珠，有啥小料就放啥！ 真的超级无敌好喝！赶快试试！！到底是谁发明的这个喝法！谢谢啊～ 真的又简单又好喝！以后谁还去奶茶店啊！ 红茶➕白糖炒一炒，炒到焦黄冒泡泡，加一点水煮开，最后倒牛奶就完成啦！（全程小火，糖炒的焦黄冒泡就赶紧加水！不要炒过头，我就炒糊一次🥲） 家里有小朋友的做给小朋友喝也很干净卫生～ 家里有珍珠的可以加珍珠，有啥小料就放啥！ 真的超级无敌好喝！赶快试试！！</span></p>',
        'http://localhost:21090//api/food-share-sys/v1.0/file/getFile?fileName=2c82832Snipaste_2024-12-04_17-39-11.png',
        0,
        1,
        '2024-12-04 17:45:38'
    );

-- ----------------------------
-- Table structure for interaction
-- ----------------------------
DROP TABLE IF EXISTS `interaction`;

CREATE TABLE `interaction` (
    `id` int(11) NOT NULL AUTO_INCREMENT COMMENT '互动表主键ID',
    `type` int(2) NULL DEFAULT NULL COMMENT '互动类型（1：点赞；2：收藏；3：浏览；4：评分）',
    `content_type` varchar(255) CHARACTER SET utf8mb4 COLLATE utf8mb4_bin NULL DEFAULT NULL COMMENT '内容类型，表示的就是互动属于哪一个模块的东西',
    `content_id` int(11) NULL DEFAULT NULL COMMENT '内容ID',
    `user_id` int(11) NULL DEFAULT NULL COMMENT '用户ID',
    `score` int(2) NULL DEFAULT NULL COMMENT '评分',
    `create_time` datetime NULL DEFAULT NULL COMMENT '互动时间',
    PRIMARY KEY (`id`) USING BTREE
) ENGINE = InnoDB AUTO_INCREMENT = 108 CHARACTER SET = utf8mb4 COLLATE = utf8mb4_bin COMMENT = '互动信息表' ROW_FORMAT = DYNAMIC;

-- ----------------------------
-- Records of interaction
-- ----------------------------
INSERT INTO
    `interaction`
VALUES (
        16,
        3,
        'VIEW',
        5,
        8,
        NULL,
        '2024-11-28 16:08:54'
    );

INSERT INTO
    `interaction`
VALUES (
        37,
        3,
        'VIEW',
        6,
        8,
        NULL,
        '2024-11-28 18:40:03'
    );

INSERT INTO
    `interaction`
VALUES (
        38,
        3,
        'VIEW',
        4,
        8,
        NULL,
        '2024-11-28 19:02:44'
    );

INSERT INTO
    `interaction`
VALUES (
        39,
        1,
        'UPVOTE',
        5,
        8,
        NULL,
        '2024-11-29 14:04:23'
    );

INSERT INTO
    `interaction`
VALUES (
        40,
        2,
        'COLLECTION',
        5,
        8,
        NULL,
        '2024-11-30 21:13:10'
    );

INSERT INTO
    `interaction`
VALUES (
        42,
        1,
        'UPVOTE',
        4,
        8,
        NULL,
        '2024-12-01 16:33:52'
    );

INSERT INTO
    `interaction`
VALUES (
        43,
        2,
        'COLLECTION',
        4,
        8,
        NULL,
        '2024-12-01 16:33:52'
    );

INSERT INTO
    `interaction`
VALUES (
        44,
        4,
        'RATING',
        4,
        8,
        3,
        '2024-12-01 17:03:34'
    );

INSERT INTO
    `interaction`
VALUES (
        45,
        4,
        'RATING',
        5,
        8,
        5,
        '2024-12-01 17:04:04'
    );

INSERT INTO
    `interaction`
VALUES (
        46,
        3,
        'VIEW',
        5,
        10,
        NULL,
        '2024-12-01 17:28:30'
    );

INSERT INTO
    `interaction`
VALUES (
        47,
        4,
        'RATING',
        5,
        10,
        3,
        '2024-12-01 17:28:33'
    );

INSERT INTO
    `interaction`
VALUES (
        48,
        3,
        'VIEW',
        5,
        9,
        NULL,
        '2024-12-01 17:29:49'
    );

INSERT INTO
    `interaction`
VALUES (
        49,
        4,
        'RATING',
        5,
        9,
        3,
        '2024-12-01 17:29:53'
    );

INSERT INTO
    `interaction`
VALUES (
        51,
        3,
        'VIEW',
        4,
        9,
        NULL,
        '2024-12-01 18:12:58'
    );

INSERT INTO
    `interaction`
VALUES (
        52,
        4,
        'RATING',
        4,
        9,
        3,
        '2024-12-01 18:13:04'
    );

INSERT INTO
    `interaction`
VALUES (
        53,
        3,
        'VIEW',
        5,
        3,
        NULL,
        '2024-12-03 14:20:02'
    );

INSERT INTO
    `interaction`
VALUES (
        54,
        1,
        'UPVOTE',
        5,
        3,
        NULL,
        '2024-12-03 14:20:10'
    );

INSERT INTO
    `interaction`
VALUES (
        55,
        2,
        'COLLECTION',
        5,
        3,
        NULL,
        '2024-12-03 14:20:11'
    );

INSERT INTO
    `interaction`
VALUES (
        56,
        4,
        'RATING',
        5,
        3,
        3,
        '2024-12-03 14:20:13'
    );

INSERT INTO
    `interaction`
VALUES (
        57,
        3,
        'VIEW',
        6,
        3,
        NULL,
        '2024-12-03 14:21:03'
    );

INSERT INTO
    `interaction`
VALUES (
        58,
        4,
        'RATING',
        6,
        3,
        3,
        '2024-12-03 14:21:22'
    );

INSERT INTO
    `interaction`
VALUES (
        59,
        1,
        'UPVOTE',
        6,
        3,
        NULL,
        '2024-12-03 14:21:27'
    );

INSERT INTO
    `interaction`
VALUES (
        60,
        2,
        'COLLECTION',
        6,
        3,
        NULL,
        '2024-12-03 14:21:28'
    );

INSERT INTO
    `interaction`
VALUES (
        61,
        1,
        'UPVOTE',
        5,
        9,
        NULL,
        '2024-12-03 16:25:05'
    );

INSERT INTO
    `interaction`
VALUES (
        64,
        1,
        'UPVOTE',
        4,
        9,
        NULL,
        '2024-12-03 16:25:25'
    );

INSERT INTO
    `interaction`
VALUES (
        65,
        1,
        'UPVOTE',
        5,
        10,
        NULL,
        '2024-12-03 16:25:43'
    );

INSERT INTO
    `interaction`
VALUES (
        66,
        2,
        'COLLECTION',
        5,
        10,
        NULL,
        '2024-12-03 16:25:45'
    );

INSERT INTO
    `interaction`
VALUES (
        67,
        3,
        'VIEW',
        4,
        10,
        NULL,
        '2024-12-03 16:25:53'
    );

INSERT INTO
    `interaction`
VALUES (
        68,
        1,
        'UPVOTE',
        4,
        10,
        NULL,
        '2024-11-03 16:25:55'
    );

INSERT INTO
    `interaction`
VALUES (
        69,
        2,
        'COLLECTION',
        4,
        10,
        NULL,
        '2024-11-03 16:25:55'
    );

INSERT INTO
    `interaction`
VALUES (
        70,
        4,
        'RATING',
        6,
        8,
        3,
        '2024-12-03 21:39:34'
    );

INSERT INTO
    `interaction`
VALUES (
        73,
        3,
        'VIEW',
        7,
        8,
        NULL,
        '2024-12-03 21:55:01'
    );

INSERT INTO
    `interaction`
VALUES (
        74,
        1,
        'UPVOTE',
        7,
        8,
        NULL,
        '2024-12-03 21:55:04'
    );

INSERT INTO
    `interaction`
VALUES (
        75,
        2,
        'COLLECTION',
        7,
        8,
        NULL,
        '2024-12-03 21:55:05'
    );

INSERT INTO
    `interaction`
VALUES (
        76,
        3,
        'VIEW',
        8,
        8,
        NULL,
        '2024-12-03 21:58:33'
    );

INSERT INTO
    `interaction`
VALUES (
        77,
        4,
        'RATING',
        8,
        8,
        3,
        '2024-12-03 21:58:46'
    );

INSERT INTO
    `interaction`
VALUES (
        78,
        3,
        'VIEW',
        5,
        16,
        NULL,
        '2024-12-04 15:15:09'
    );

INSERT INTO
    `interaction`
VALUES (
        79,
        4,
        'RATING',
        5,
        16,
        3,
        '2024-12-04 15:16:57'
    );

INSERT INTO
    `interaction`
VALUES (
        80,
        3,
        'VIEW',
        6,
        16,
        NULL,
        '2024-12-04 15:17:24'
    );

INSERT INTO
    `interaction`
VALUES (
        81,
        1,
        'UPVOTE',
        6,
        16,
        NULL,
        '2024-12-04 15:17:29'
    );

INSERT INTO
    `interaction`
VALUES (
        82,
        2,
        'COLLECTION',
        6,
        16,
        NULL,
        '2024-12-04 15:17:30'
    );

INSERT INTO
    `interaction`
VALUES (
        83,
        1,
        'UPVOTE',
        8,
        8,
        NULL,
        '2024-12-04 17:32:15'
    );

INSERT INTO
    `interaction`
VALUES (
        84,
        2,
        'COLLECTION',
        8,
        8,
        NULL,
        '2024-12-04 17:32:16'
    );

INSERT INTO
    `interaction`
VALUES (
        85,
        3,
        'VIEW',
        12,
        9,
        NULL,
        '2024-12-04 17:43:40'
    );

INSERT INTO
    `interaction`
VALUES (
        86,
        4,
        'RATING',
        12,
        9,
        3,
        '2024-12-04 17:43:42'
    );

INSERT INTO
    `interaction`
VALUES (
        89,
        3,
        'VIEW',
        15,
        3,
        NULL,
        '2024-12-04 17:46:31'
    );

INSERT INTO
    `interaction`
VALUES (
        90,
        4,
        'RATING',
        15,
        3,
        3,
        '2024-12-04 17:46:35'
    );

INSERT INTO
    `interaction`
VALUES (
        91,
        3,
        'VIEW',
        14,
        8,
        NULL,
        '2024-12-04 18:09:42'
    );

INSERT INTO
    `interaction`
VALUES (
        92,
        2,
        'COLLECTION',
        12,
        9,
        NULL,
        '2024-12-04 18:26:06'
    );

INSERT INTO
    `interaction`
VALUES (
        93,
        3,
        'VIEW',
        14,
        9,
        NULL,
        '2024-12-04 18:26:08'
    );

INSERT INTO
    `interaction`
VALUES (
        94,
        2,
        'COLLECTION',
        14,
        9,
        NULL,
        '2024-12-04 18:26:10'
    );

INSERT INTO
    `interaction`
VALUES (
        95,
        3,
        'VIEW',
        7,
        9,
        NULL,
        '2024-12-04 18:26:12'
    );

INSERT INTO
    `interaction`
VALUES (
        96,
        2,
        'COLLECTION',
        7,
        9,
        NULL,
        '2024-12-04 18:26:16'
    );

INSERT INTO
    `interaction`
VALUES (
        97,
        4,
        'RATING',
        6,
        16,
        3,
        '2024-12-04 18:33:50'
    );

INSERT INTO
    `interaction`
VALUES (
        98,
        3,
        'VIEW',
        11,
        8,
        NULL,
        '2024-12-04 18:46:56'
    );

INSERT INTO
    `interaction`
VALUES (
        99,
        1,
        'UPVOTE',
        11,
        8,
        NULL,
        '2024-12-04 18:47:01'
    );

INSERT INTO
    `interaction`
VALUES (
        100,
        2,
        'COLLECTION',
        11,
        8,
        NULL,
        '2024-12-04 18:47:08'
    );

INSERT INTO
    `interaction`
VALUES (
        101,
        4,
        'RATING',
        11,
        8,
        3,
        '2024-12-04 18:47:10'
    );

INSERT INTO
    `interaction`
VALUES (
        102,
        1,
        'UPVOTE',
        14,
        8,
        NULL,
        '2024-12-04 18:48:30'
    );

INSERT INTO
    `interaction`
VALUES (
        103,
        4,
        'RATING',
        14,
        8,
        3,
        '2024-12-04 18:48:32'
    );

INSERT INTO
    `interaction`
VALUES (
        104,
        4,
        'RATING',
        14,
        9,
        4,
        '2025-06-24 15:41:33'
    );

INSERT INTO
    `interaction`
VALUES (
        105,
        3,
        'VIEW',
        14,
        13,
        NULL,
        '2025-06-24 15:49:14'
    );

INSERT INTO
    `interaction`
VALUES (
        106,
        3,
        'VIEW',
        14,
        14,
        NULL,
        '2025-06-24 15:49:46'
    );

INSERT INTO
    `interaction`
VALUES (
        107,
        4,
        'RATING',
        14,
        14,
        2,
        '2025-06-24 15:49:56'
    );

-- ----------------------------
-- Table structure for nutriment
-- ----------------------------
DROP TABLE IF EXISTS `nutriment`;

CREATE TABLE `nutriment` (
    `id` int(11) NOT NULL AUTO_INCREMENT COMMENT '营养素主键ID',
    `user_id` int(11) NULL DEFAULT NULL COMMENT '用户ID',
    `name` varchar(255) CHARACTER SET utf8mb4 COLLATE utf8mb4_bin NULL DEFAULT NULL COMMENT '名称',
    `detail` varchar(255) CHARACTER SET utf8mb4 COLLATE utf8mb4_bin NULL DEFAULT NULL COMMENT '描述',
    `unit` varchar(255) CHARACTER SET utf8mb4 COLLATE utf8mb4_bin NULL DEFAULT NULL COMMENT '单位',
    `is_publish` tinyint(1) NULL DEFAULT NULL COMMENT '是否公开',
    `create_time` datetime NULL DEFAULT NULL COMMENT '创建时间',
    PRIMARY KEY (`id`) USING BTREE
) ENGINE = InnoDB AUTO_INCREMENT = 10 CHARACTER SET = utf8mb4 COLLATE = utf8mb4_bin COMMENT = '营养素信息表' ROW_FORMAT = DYNAMIC;

-- ----------------------------
-- Records of nutriment
-- ----------------------------
INSERT INTO
    `nutriment`
VALUES (
        1,
        3,
        '蛋白质',
        '人体必须摄入项',
        'kDa',
        1,
        '2024-11-27 13:19:40'
    );

INSERT INTO
    `nutriment`
VALUES (
        3,
        16,
        '脂肪',
        '脂肪的单位‌通常是指脂肪的含量或重量，通常以百分比或克数来表示。',
        '克',
        1,
        '2024-11-29 15:27:59'
    );

INSERT INTO
    `nutriment`
VALUES (
        4,
        16,
        '含糖量',
        '糖的单位是指糖的重量或含量的计量单位。在不同的国家和地区使用的计量方式不同，因此糖的单位也有所不同。',
        '克',
        1,
        '2024-11-29 15:28:58'
    );

INSERT INTO
    `nutriment`
VALUES (
        5,
        16,
        '钾含量',
        '‌钾含量的单位通常是mmol/L‌。血清钾的单位是mmol/L，正常值范围通常为3.5mmol/L-5.3mmol/L',
        'mmol/L‌',
        1,
        '2024-11-29 15:56:14'
    );

INSERT INTO
    `nutriment`
VALUES (
        6,
        16,
        '钙含量',
        '毫克(mg)是计量钙等营养素的常用单位,而克(g)是更大的单位,通常用于表示食品或补充剂中含量较高的营养素。',
        '毫克(mg)',
        1,
        '2024-11-29 15:56:58'
    );

INSERT INTO
    `nutriment`
VALUES (
        7,
        8,
        '纤维素',
        '促进消化健康，帮助维持血糖水平',
        '克',
        0,
        '2024-11-30 15:39:57'
    );

INSERT INTO
    `nutriment`
VALUES (
        8,
        8,
        '维生素 A',
        '支持视力、免疫功能和皮肤健康。',
        '微克',
        0,
        '2024-11-30 15:40:26'
    );

INSERT INTO
    `nutriment`
VALUES (
        9,
        8,
        '维生素 D',
        '促进钙的吸收，支持骨骼健康',
        '微克',
        0,
        '2024-11-30 15:40:47'
    );

-- ----------------------------
-- Table structure for user
-- ----------------------------
DROP TABLE IF EXISTS `user`;

CREATE TABLE `user` (
    `id` int(11) UNSIGNED NOT NULL AUTO_INCREMENT COMMENT '用户编号',
    `user_account` varchar(50) CHARACTER SET utf8mb4 COLLATE utf8mb4_general_ci NULL DEFAULT NULL COMMENT '用户账号',
    `user_name` varchar(50) CHARACTER SET utf8mb4 COLLATE utf8mb4_general_ci NULL DEFAULT NULL COMMENT '用户昵称',
    `user_pwd` varchar(100) CHARACTER SET utf8mb4 COLLATE utf8mb4_general_ci NULL DEFAULT NULL COMMENT '用户密码',
    `user_avatar` varchar(255) CHARACTER SET utf8mb4 COLLATE utf8mb4_general_ci NULL DEFAULT NULL COMMENT '用户头像',
    `user_email` varchar(50) CHARACTER SET utf8mb4 COLLATE utf8mb4_general_ci NULL DEFAULT NULL COMMENT '用户邮箱',
    `user_role` int(11) NULL DEFAULT NULL COMMENT '用户角色',
    `is_login` tinyint(1) NULL DEFAULT NULL COMMENT '可登录状态(0：可用，1：不可用)',
    `is_word` tinyint(1) NULL DEFAULT NULL COMMENT '禁言状态(0：可用，1：不可用)',
    `create_time` datetime NULL DEFAULT NULL COMMENT '用户注册时间',
    PRIMARY KEY (`id`) USING BTREE
) ENGINE = InnoDB AUTO_INCREMENT = 17 CHARACTER SET = utf8mb4 COLLATE = utf8mb4_general_ci ROW_FORMAT = DYNAMIC;

-- ----------------------------
-- Records of user
-- ----------------------------
INSERT INTO
    `user`
VALUES (
        3,
        'zhangwuji',
        '张无忌',
        '1f32aa4c9a1d2ea010adcf2348166a04',
        'http://localhost:21090//api/food-share-sys/v1.0/file/getFile?fileName=886f1fbpic_4.jpg',
        '1134123@qq.com',
        2,
        0,
        0,
        '2024-10-09 12:53:05'
    );

INSERT INTO
    `user`
VALUES (
        8,
        'zhouzhiruo',
        'B站【程序员辰星】原创出品',
        '14e1b600b1fd579f47433b88e8d85291',
        'http://localhost:21090//api/food-share-sys/v1.0/file/getFile?fileName=e279bdcSnipaste_2024-11-29_18-23-12.png',
        '123@qq.coom',
        2,
        0,
        0,
        '2024-10-19 12:53:05'
    );

INSERT INTO
    `user`
VALUES (
        9,
        'zhaomin',
        '赵敏',
        '14e1b600b1fd579f47433b88e8d85291',
        'http://localhost:21090//api/food-share-sys/v1.0/file/getFile?fileName=5a1c112Snipaste_2024-11-29_18-22-44.png',
        '1243@qq.com',
        2,
        0,
        0,
        '2024-10-15 12:53:05'
    );

INSERT INTO
    `user`
VALUES (
        10,
        'zhangsanfeng',
        '张三丰',
        '14e1b600b1fd579f47433b88e8d85291',
        'http://localhost:21090//api/food-share-sys/v1.0/file/getFile?fileName=48a35cd熊猫.png',
        '4432432@qq.com',
        2,
        0,
        0,
        '2024-10-25 16:42:32'
    );

INSERT INTO
    `user`
VALUES (
        11,
        'yinsusu',
        '殷素素',
        '14e1b600b1fd579f47433b88e8d85291',
        'http://localhost:21090//api/food-share-sys/v1.0/file/getFile?fileName=e041337Snipaste_2024-11-29_18-23-18.png',
        '32121@qq.com',
        2,
        0,
        0,
        '2024-10-25 16:42:53'
    );

INSERT INTO
    `user`
VALUES (
        12,
        'zhangcuishan',
        '张翠山',
        'bf99609f47ba4b3cd5da3b1c89fbf0ab',
        'http://localhost:21090//api/food-share-sys/v1.0/file/getFile?fileName=646e315Snipaste_2024-11-22_00-47-41.png',
        '14343@qq.com',
        2,
        1,
        0,
        '2024-10-25 16:43:57'
    );

INSERT INTO
    `user`
VALUES (
        13,
        'yangbuhui',
        '房东的猫',
        '14e1b600b1fd579f47433b88e8d85291',
        'http://localhost:21090//api/food-share-sys/v1.0/file/getFile?fileName=0c1a276Snipaste_2024-11-22_00-46-48.png',
        '12223211@qq.com',
        2,
        0,
        1,
        '2024-10-25 16:44:46'
    );

INSERT INTO
    `user`
VALUES (
        14,
        'huihai',
        '慧海',
        '14e1b600b1fd579f47433b88e8d85291',
        'http://localhost:21090//api/food-share-sys/v1.0/file/getFile?fileName=03261f5Snipaste_2024-11-22_00-46-13.png',
        NULL,
        2,
        0,
        0,
        '2024-11-17 16:26:15'
    );

INSERT INTO
    `user`
VALUES (
        15,
        '432423',
        '丈夫',
        'bb8f3e82dd24423ea6358540d3651621',
        'http://localhost:21090//api/food-share-sys/v1.0/file/getFile?fileName=8b85d8eSnipaste_2024-11-22_00-46-36.png',
        '432432',
        2,
        1,
        1,
        '2024-11-25 13:23:55'
    );

SET FOREIGN_KEY_CHECKS = 1;

ALTER TABLE user